page_path,total_traffic,total_logins,navbar_cta_clicks,navbar_cta_logins,inline_cta_clicks,inline_cta_logins,sticky_cta_clicks,sticky_cta_logins,top_cta_clicks,top_cta_logins,exit_cta_clicks,exit_cta_logins,rhs_banner_cta_clicks,rhs_banner_cta_logins,bottom_mini_calculator_cta_clicks,bottom_mini_calculator_cta_logins
/s/due-date-tax-filing,167328,"1,006","2,964",23,"1,647",13,"2,383",25,"1,244",5,"3,115",2,68,0,0,0
/s/income-tax-slabs,153053,635,"8,260",30,"3,490",10,"8,105",20,"2,875",40,106385,120,"1,660",15,"1,950",0
/s/simple-compound-interest-calculator,132260,91,"1,876",4,151,0,"24,456",27,446,1,"31,075",26,39,0,4,0
/s/gratuity-calculator,113409,85,968,2,94,0,"4,736",10,615,9,"16,233",14,82,0,6,0
/s/world-gdp-ranking-list,105834,35,875,0,484,0,"1,495",3,"1,403",0,"22,386",7,80,1,20,0
/s/pricing,"76,849","10,490","46,154",320,0,0,"11,962",148,"1,354",0,"5,618",24,0,0,0,0
/s/gst-hsn-lookup,"66,079",5,"2,634",1,0,0,940,0,0,0,0,0,0,0,0,0
/s/tds-rate-chart,"61,618",28,"1,213",2,623,2,649,2,403,3,22,0,6,0,20,0
/s/salary-hike-calculator,"50,481",36,503,1,21,0,"4,732",7,239,2,"9,818",8,8,0,0,0
/s/section-10-of-income-tax-act,"47,976",32,263,0,211,0,251,0,126,1,"5,325",5,46,0,18,1
/s/salary-calculator,"46,309",43,356,1,31,0,"3,678",3,177,2,"5,346",3,12,0,8,0
/s/income-tax-rebate-us-87a,"45,684",36,321,4,315,0,377,0,136,2,"5,460",4,67,1,44,0
/s/which-itr-to-file,"45,010",49,815,3,207,0,338,0,219,4,"4,135",5,95,1,49,0
/s/section-115bac-features-new-tax-regime-benefits,"43,913",36,218,0,290,1,290,2,159,1,"4,708",5,63,1,55,0
/s/old-tax-regime-vs-new-tax-regime,"43,103",132,"1,449",9,210,0,"1,539",6,633,6,"18,381",12,294,0,570,3
/s/cost-inflation-index,"41,335",24,181,0,132,0,430,0,123,1,"4,310",7,65,0,5,0
/s/how-to-update-or-correct-pan-card-details,"39,140",162,"1,065",2,491,2,"2,814",22,147,0,"5,402",7,27,1,4,0
/s/telangana-ration-card,"36,056",147,542,2,539,5,"2,577",23,228,0,"1,924",10,24,0,1,0
/s/pf-balance-check,"35,410",127,"2,753",9,584,3,"4,319",24,364,6,"3,250",6,37,1,6,0
/s/capital-gains-income,"35,341",49,285,2,250,2,310,1,157,0,"3,320",9,65,0,19,0
/s/contact-sales,"33,149",139,"5,282",36,0,0,0,0,20,0,0,0,0,0,0,0
/s/long-term-capital-gains-ltcg-tax,"32,139",31,173,2,156,0,196,0,70,0,"3,898",6,53,1,0,0
/s/section-194i-tds-on-rent,"32,088",4,131,1,96,1,88,0,97,0,6,0,10,0,4,0
/s/pan-card-download,"31,595",254,"1,546",4,"1,062",9,"5,204",46,235,3,"2,857",11,43,5,0,0
/s/section-194j,"30,309",20,137,1,85,0,73,0,83,0,7,0,7,0,14,0
/s/section-80ccd,"29,968",21,158,1,192,2,107,0,68,1,"2,876",1,29,1,10,0
/s/swp-calculator,"29,704",15,627,0,38,0,"3,758",4,138,2,"9,233",5,23,0,2,0
/s/epf-withdrawal-online,"28,299",92,"1,479",5,323,3,"3,077",25,283,3,"3,556",7,32,2,8,0
/s/ration-card-e-kyc-online,"27,749",221,"1,403",10,"1,025",13,"3,663",24,330,8,"3,204",11,19,1,0,0
/s/senior-citizen-savings-scheme,"26,998",32,135,1,213,0,420,3,111,1,"8,040",8,35,0,3,0
/s/partner-l-t-finance,"26,635",7,"4,289",0,0,0,0,0,58,0,0,0,0,0,0,0
/s/short-term-capital-gains-stcg-tax,"26,069",21,107,1,143,0,135,0,84,1,"3,498",1,35,0,0,0
/s/hra-house-rent-allowance,"25,561",23,134,1,178,0,107,1,95,1,"2,195",2,26,0,17,0
/s/itr-validation-errors-and-solutions,"25,200",38,132,0,146,1,204,0,42,0,"1,940",2,32,1,1,0
/s/vaccine-certificate-download-by-aadhaar-number,"24,499",242,"2,521",17,750,7,"3,919",34,357,10,"2,922",12,34,0,0,0
/s/capital-gain-tax-on-sale-of-property-shares-gold,"23,868",20,171,0,206,0,206,1,79,0,"3,363",4,2,0,6,0
/s/ltcg-calculator,"23,409",44,475,1,46,0,"1,610",5,95,3,"3,115",2,26,0,3,0
/s/upi-transaction-charges,"22,812",8,82,0,49,0,273,1,73,0,"8,037",2,9,0,2,0
/s/pf-calculator,"22,564",4,182,0,5,0,904,0,56,0,"2,732",3,7,0,1,0
/s/gold-loan-interest-rates,"22,424",8,209,0,64,0,268,0,84,0,"5,459",3,6,0,0,0
/s/8th-pay-commission,"21,959",15,144,0,289,3,458,1,76,0,"4,600",3,26,1,8,0
/s/80c-80-deductions,"21,653",17,633,2,18,0,141,1,102,1,"1,899",1,50,0,13,0
/s/short-term-capital-gain-on-shares,"21,485",15,124,0,108,0,65,1,71,0,"1,989",2,16,0,4,0
/s/aadhar-card-address-change-online,"21,256",43,312,3,390,3,999,2,125,1,"3,500",5,0,0,1,0
/s/voter-list,"20,384",133,"1,979",9,"1,263",8,"3,875",36,270,6,"3,187",17,11,0,0,0
/s/medical-insurance,"20,144",11,77,1,86,0,103,1,33,0,"1,761",0,23,0,7,0
/s/set-off-carry-forward-losses,"20,103",9,93,0,158,0,85,0,53,0,"2,063",1,26,1,6,0
/s/form-10iea,"20,018",14,253,1,"2,459",1,"3,403",0,397,0,"2,112",1,43,1,3,0
/s/tax-audit-section-44ab,"20,001",24,115,1,144,0,78,0,51,2,"1,983",3,30,0,16,0
/s/section-80eea-deduction-affordable-housing,"19,917",7,52,0,61,1,62,0,199,0,"1,552",0,33,0,2,0
/s/long-term-capital-gains-on-shares,"19,437",15,110,0,92,0,55,0,47,1,"1,679",0,30,0,1,0
/s/section-54-capital-gains-exemption,"19,353",10,70,0,6,0,155,1,59,0,"2,571",1,27,0,0,0
/s/pradhan-mantri-kisan-samman-nidhi-scheme,"19,297",378,"2,538",6,"1,959",18,"7,101",42,645,3,"11,760",60,72,3,0,0
/s/section-194c-tds-on-contractor,"19,274",3,115,2,112,0,55,0,59,0,5,0,0,0,1,0
/s/compound-interest-calculator,"19,193",19,317,0,18,0,"2,548",2,97,2,"5,134",5,5,0,0,0
/s/pf-claim-status,"19,186",62,"1,201",4,265,2,"1,707",9,225,1,"1,496",1,12,1,1,0
/s/depreciation-income-tax-act,"19,060",5,138,0,76,0,60,2,119,0,1,0,0,0,1,0
/s/sip-calculator,"18,781",14,622,0,13,0,"2,065",6,98,0,"5,387",2,17,0,3,0
/s/section-194h-tds-on-commission-brokerage,"18,355",4,74,0,165,0,32,0,41,0,3,0,0,0,1,0
/s/invest-multiple-capital-gains-on-buying-new-house-property,"18,333",8,68,0,81,0,83,0,41,1,"2,476",1,2,0,3,0
/s/lta-leave-travel-allowance,"18,140",10,72,0,143,0,36,0,50,0,"1,373",0,25,0,11,0
/s/marginal-relief-surcharge,"17,997",10,72,1,39,0,67,0,40,1,"1,754",1,27,0,9,0
/s/an-overview-on-section-194q-of-the-income-tax-act-1961-ita,"17,846",,84,,122,,31,,47,,2,,0,,3,
/s/ap-ration-card,"17,394",113,691,9,489,5,"1,538",8,146,2,"2,179",8,17,0,2,0
/s/itr3,"17,283",33,462,8,409,3,329,0,147,2,"1,244",1,19,0,5,0
/s/income-tax-business-code-list,"17,281",11,241,1,62,0,51,0,55,1,"1,298",1,20,0,3,0
/s/how-to-efile-itr,"17,243",180,"8,410",25,"1,270",0,"3,620",25,"1,770",20,"8,320",15,350,0,115,0
/s/section-44ada,"17,180",13,109,0,160,1,88,0,44,0,"1,748",2,20,0,8,0
/s/form-10ba-of-income-tax-act,"17,084",19,206,1,413,0,240,1,110,2,"1,218",0,26,0,0,0
/s/leave-encashment-tax,"16,819",14,53,0,70,0,123,0,33,2,"1,764",2,11,0,1,0
/s/work-experience-calculator,"16,480",13,77,0,11,0,415,0,52,0,"2,077",5,6,0,0,0
/s/bharat-gas-booking-number,"16,207",21,155,0,109,2,638,3,100,1,"1,921",2,5,0,0,0
/s/deductions-under-section24-income-from-house-property,"16,021",13,104,0,85,0,81,0,38,1,"1,308",1,23,0,3,0
/s/form-15g-and-15h-to-save-tds-on-interest-income,"15,962",26,118,0,19,0,415,0,59,0,"2,462",0,12,0,3,0
/s/government-holiday-2025,"15,864",5,116,0,80,0,184,0,34,0,"1,643",2,13,0,2,0
/s/ltcg-sale-stocks,"15,610",15,83,0,58,1,91,0,36,0,"1,592",1,17,0,4,0
/s/itr-1-vs-itr-2,"15,429",21,151,1,64,0,61,0,54,0,"1,671",1,16,0,4,0
/s/view-form-26as-tax-credit-statement,"15,345",51,921,4,209,0,741,1,114,1,"1,366",2,25,0,9,0
/s/how-to-know-pan-card-number,"15,247",104,470,1,379,4,"1,602",14,78,2,"1,818",7,20,1,0,0
/s/tds-interest-calculator,"15,148",14,160,0,15,0,229,1,54,0,858,2,10,0,0,0
/s/section-44ad-presumptive-scheme,"15,058",16,68,1,227,1,55,1,65,1,"1,474",1,24,0,6,0
/s/epic-number-in-voter-id,"14,528",31,180,3,0,0,635,5,92,5,"2,537",4,8,0,0,0
/s/scss-calculator,"14,525",5,212,0,21,0,898,1,83,0,"3,917",2,10,0,1,0
/s/pm-kisan-status-check-aadhaar-card,"14,508",197,300,1,519,13,"2,643",20,115,0,"1,401",5,97,1,0,0
/s/itr2,"14,489",26,502,6,149,0,303,2,167,3,"1,248",4,50,0,7,0
/s/tds-payment-due-dates-and-penalties,"14,463",8,196,0,122,0,387,0,58,1,1,0,2,0,3,0
/s/aadhaar-card-link-with-mobile-number-check,"14,197",107,292,5,"1,212",14,"3,440",17,172,2,"1,229",2,4,0,1,0
/s/bank-of-india-balance-check-number,"14,145",18,190,0,221,1,450,1,61,0,"1,776",3,8,0,0,0
/s/residential-status,"14,133",10,115,0,68,0,175,1,43,0,"1,886",3,27,0,10,0
/s/gst-rates,"14,105",3,436,1,84,0,275,0,85,0,0,0,0,0,0,0
/s/what-is-form-16,"13,998",38,664,2,91,0,610,5,96,1,"1,356",2,13,2,4,0
/s/section-194a-tds-on-interest-other-than-interest-on-securities,"13,995",2,63,0,48,0,41,0,36,0,2,0,2,0,0,0
/s/how-to-update-mobile-number-in-aadhaar-card,"13,993",91,751,5,653,11,"2,194",13,183,4,"1,609",3,19,0,0,0
/s/e-pan-card-download,"13,740",297,519,3,396,10,"1,822",17,62,2,"1,037",5,12,1,1,0
/s/post-office-saving-schemes,"13,648",10,163,0,129,0,257,2,39,0,"4,486",0,29,0,5,0
/s/income-tax-refund,"13,617",33,519,0,31,0,654,5,121,4,"2,095",3,26,0,2,0
/s/house-property,"13,438",14,557,3,126,1,132,0,60,0,"1,689",2,17,0,7,0
/s/ration-card-download,"12,705",75,581,3,437,6,"1,622",10,130,4,"1,051",2,15,2,0,0
/s/section-80ee-income-tax-deduction-for-interest-on-home-loan,"12,637",4,46,0,31,0,17,0,24,0,701,1,5,0,1,0
/s/income-tax-on-intraday-trading,"12,598",12,71,1,97,0,108,0,26,0,"1,909",2,25,0,5,0
/s/how-to-file-tds-on-sale-property,"12,497",11,132,1,43,1,134,0,44,1,10,0,1,0,0,0
/s/tax-on-debt-funds,"12,035",9,57,3,66,0,48,0,34,0,"1,479",3,19,0,1,0
/s/8th-pay-commission-salary-calculator,"11,979",9,144,2,25,0,"1,658",2,85,1,"2,508",1,7,0,1,0
/s/income-tax-slab-for-senior-citizen,"11,948",23,56,1,103,1,255,2,43,0,"2,690",3,25,0,11,0
/s/cagr-calculator,"11,877",7,180,0,11,0,898,1,76,0,"2,009",3,1,0,1,0
/s/partner-team-lease,"11,699",55,"2,482",2,0,0,0,0,27,0,0,0,0,0,0,0
/s/rd-calculator,"11,692",14,265,0,26,0,"1,130",1,70,0,"2,704",5,14,0,1,0
/s/pan-card,"11,681",41,611,3,390,3,"2,035",13,200,2,972,7,5,0,2,0
/s/private-banks-in-india,"11,590",10,83,0,2,0,143,0,75,1,"2,451",1,13,1,0,0
/s/gst-number-search-by-name,"11,514",2,509,1,0,0,0,0,0,0,0,0,0,0,0,0
/s/sbi-saving-account-interest-rate,"11,340",8,87,0,74,1,124,0,42,1,"1,749",0,0,0,0,0
/s/fo-trader-return-filing,"11,287",13,199,2,84,0,96,1,65,0,"1,667",2,33,0,1,0
/s/tds,"11,249",8,334,1,192,1,170,0,77,1,8,0,1,0,6,0
/s/documents-required-for-passport,"11,231",5,109,0,0,0,167,1,40,0,"1,988",0,5,1,0,0
/s/sukanya-samriddhi-yojana,"11,194",9,459,3,48,0,756,3,117,0,"7,389",0,54,0,12,0
/s/contact-us,"11,194",,537,,0,,0,,0,,0,,0,,0,
/s/aadhar-card-name-change-online,"11,168",32,321,1,541,7,"1,111",5,95,0,"1,611",0,11,1,0,0
/s/sbi-kyc-update-online,"11,048",55,410,1,280,6,"1,028",6,71,0,"1,959",8,9,0,0,0
/s/section-192,"11,036",12,96,0,58,0,69,0,36,0,3,0,1,0,21,0
/s/partner-get-simpl,"11,033",24,418,1,0,0,0,0,31,0,0,0,0,0,0,0
/s/ration-card-status-check,"10,927",60,476,4,202,5,"1,151",4,133,1,"1,142",1,7,0,0,0
/s/form-15g-download-for-pf-withdrawal,"10,860",43,112,1,224,1,521,6,55,2,"1,058",1,11,0,2,0
/s/how-to-file-itr-2-form-for-income-from-capital-gains,"10,853",21,140,0,121,2,114,2,51,1,"1,165",1,22,0,1,0
/s/claiming-deduction-on-interest-under-section-80tta,"10,848",7,51,0,73,0,30,1,14,0,930,2,4,0,3,0
/s/gold-history-in-india,"10,801",5,116,0,19,0,134,0,29,0,"2,062",1,2,0,0,0
/s/fastag-annual-pass,"10,743",8,73,1,63,0,335,1,24,1,"3,048",1,5,0,0,0
/s/minor-pan-card,"10,612",44,210,0,304,5,951,3,73,2,"1,519",1,8,1,0,0
/s/sbi-annuity-deposit-scheme-calculator,"10,605",12,202,1,22,0,777,2,44,0,"5,223",6,7,0,0,0
/s/section-195,"10,579",10,18,0,5,0,12,0,29,0,836,1,1,0,4,0
/s/donation-under-section-80g-and-80gga,"10,579",2,56,0,20,0,42,0,27,0,982,0,13,0,4,0
/s/sbi-bank-balance-check-number,"10,474",21,766,2,134,2,663,7,66,1,"2,012",3,7,0,1,0
/s/section-194t-tds-on-payment-by-partnership-firm-to-partners,"10,444",3,70,0,118,0,15,0,52,0,3,0,4,0,1,0
/s/ladki-bahin-yojana-maharashtra,"10,419",52,782,4,484,2,"1,308",7,52,0,"1,386",3,10,1,0,0
/s/are-pensions-taxable,"10,406",6,40,0,84,0,49,0,24,0,"1,037",0,18,0,3,0
/s/gst-composition-scheme,"10,402",,72,,106,,81,,32,,0,,0,,0,
/s/roi-return-on-investment-calculator,"10,241",3,146,0,10,0,721,0,38,0,"1,356",2,3,0,0,0
/s/taxation-on-income-earned-from-selling-shares,"10,207",6,88,1,50,0,84,0,33,0,"1,328",0,6,0,4,0
/s/how-to-link-aadhaar-to-pan,"10,055",265,"2,490",5,"1,115",5,"16,265",40,940,0,"5,600",0,45,0,0,0
/s/books-of-accounts-and-audit-requirements-for-freelancers,"9,981",9,53,0,46,0,21,0,34,0,"1,006",2,15,0,1,0
/s/advance-tax,"9,972",8,124,1,84,0,71,2,25,0,4,0,1,0,1,0
/s/income-tax-exemption-on-gratuity,"9,933",5,38,0,40,0,22,0,28,0,900,0,7,0,4,0
/s/partner-remuneration-taxation,"9,929",2,22,0,49,0,39,0,20,0,910,0,17,0,0,0
/s/agricultural-income,"9,875",9,60,0,32,0,70,1,20,0,"1,336",0,12,0,6,0
/s/nsc-national-savings-certificate,"9,817",7,337,0,52,0,150,0,59,1,"2,160",0,11,0,1,0
/s/7th-pay-commission-pay-scales,"9,750",4,33,0,26,0,106,0,52,1,785,0,13,0,1,0
/s/tamil-nadu-government-holidays-list-2025,"9,741",2,30,0,11,0,84,0,22,0,826,0,6,0,0,0
/s/e-invoicing-enterprise-software,"9,664",35,"1,215",4,0,0,"1,129",17,0,0,0,0,0,0,0,0
/s/gst-state-code-jurisdiction,"9,613",2,77,0,66,0,209,0,50,0,0,0,0,0,0,0
/s/ppf-calculator,"9,571",12,246,0,5,0,852,1,45,0,"2,183",2,9,0,1,0
/s/reverse-charge-gst,"9,480",4,106,0,65,0,62,1,32,0,0,0,0,0,0,0
/s/life-insurance-taxability,"9,455",11,39,0,26,0,28,0,26,0,"1,197",3,14,0,6,0
/s/huf-hindu-undivided-family,"9,447",33,74,0,75,0,88,0,23,0,4,0,1,0,1,0
/s/tax-collected-source,"9,428",9,45,0,29,0,34,0,28,0,3,0,2,0,3,0
/s/impact-gst-on-rent,"9,351",1,23,0,52,0,50,0,30,0,0,0,0,0,0,0
/s/eway-bill-gst-rules-compliance,"9,349",1,77,0,82,0,84,0,30,0,0,0,0,0,0,0
/s/can-we-change-tax-regime-while-filing-itr,"9,349",8,101,0,54,0,42,0,28,1,924,0,20,0,0,0
/s/income-tax-allowances-and-deductions,"9,340",6,89,1,61,0,48,0,24,0,"1,130",0,15,0,7,0
/s/how-dividends-taxable,"9,313",8,32,0,23,0,25,0,26,0,982,1,11,0,3,0
/s/sbi-fd-interest-rates,"9,204",2,76,0,35,0,116,0,30,0,"1,927",1,5,0,1,0
/s/interest-imposed-by-income-tax-department-under-section-234c,"9,192",8,37,0,63,0,26,0,17,0,10,0,2,0,5,1
/s/section-175-of-cgst-act,"9,083",3,65,0,62,1,42,0,30,1,0,0,0,0,0,0
/s/voter-id-address-change,"9,036",27,180,1,73,0,377,2,47,2,"1,901",2,10,0,0,0
/s/section-80-ccd-1b,"9,005",2,26,0,12,0,30,0,14,0,692,1,9,0,2,0
/s/pf-balance-withdrawal-incometax,"8,992",6,44,0,92,0,38,0,80,0,"1,099",1,16,1,2,0
/s/standard-deduction-salary,"8,913",14,47,0,70,0,65,0,19,0,604,0,7,0,4,1
/s/get-help-with-salary-arrears,"8,910",9,49,0,118,0,102,1,28,0,"1,106",2,17,0,3,0
/s/ayushman-card,"8,798",22,301,1,202,1,362,0,46,1,"2,003",2,3,0,0,0
/s/sbi-gold-loan-interest-rate,"8,781",4,72,1,87,1,202,0,30,0,"2,454",0,4,0,0,0
/s/gstr-1,"8,702",4,264,0,82,0,100,1,50,0,0,0,0,0,0,0
/s/gst-calculator,"8,649",5,267,0,0,0,819,2,29,0,"1,099",0,10,0,0,0
/s/different-mutual-funds-taxed,"8,530",7,48,0,16,0,53,0,23,0,"1,301",2,19,0,5,0
/s/cryptocurrency-taxation-guide,"8,514",6,92,0,39,0,78,0,49,1,"1,306",0,1,0,1,0
/s/npci-aadhaar-link-status,"8,504",78,555,2,353,7,"1,190",10,58,1,"1,561",8,8,0,0,0
/s/tuition-fees-deduction-under-section-80c,"8,465",13,25,2,27,0,17,0,17,0,655,0,5,0,2,0
/s/how-to-link-mobile-number-with-bank-account,"8,435",92,770,2,"1,274",27,"2,499",22,294,5,"1,312",10,9,0,0,0
/s/leave-encashment-calculator,"8,325",3,69,0,9,0,541,0,18,1,927,0,2,0,0,0
/s/ppf,"8,307",5,86,0,52,0,85,0,18,1,"1,185",1,9,0,2,0
/s/itr-u-updated-income-tax-return,"8,180",22,140,1,146,0,123,0,47,0,0,0,0,0,0,0
/s/gst-return-late-fees,"8,023",2,29,0,6,0,65,0,31,0,0,0,0,0,0,0
/s/gruha-jyoti-scheme-karnataka,"7,993",41,180,1,143,1,585,7,40,1,"1,422",3,3,0,0,0
/s/government-banks-in-india,"7,948",1,56,0,58,0,75,0,51,0,"1,609",1,4,0,0,0
/s/section-80ttb,"7,914",10,18,0,52,0,32,0,16,0,797,1,15,1,1,0
/s/post-office-rd-calculator,"7,902",11,18,0,13,0,632,1,29,1,"2,003",2,0,0,0,0
/s/petrol-price-india-history,"7,822",3,143,0,6,0,87,0,20,0,"1,397",1,6,0,0,0
/s/transport-allowance,"7,793",3,23,0,41,0,26,0,22,0,814,0,7,0,1,0
/s/aadhar-card-download,"7,774",135,864,3,9,0,"1,602",6,96,3,"1,494",6,21,3,0,0
/s/partner-angelone,"7,703",32,681,4,0,0,0,0,45,0,0,0,0,0,0,0
/s/how-are-gifts-taxed,"7,673",6,24,0,27,0,32,0,15,0,"1,328",1,5,0,2,0
/s/conveyance-allowance-exemption-limit,"7,660",3,13,0,68,0,16,0,15,0,664,0,8,0,0,0
/s/voter-id-name-change,"7,639",21,109,0,143,1,373,2,39,0,"1,702",3,4,0,1,0
/s/itr-3-vs-itr-4-difference,"7,594",10,72,0,72,0,52,1,14,0,812,1,12,1,1,0
/s/voter-id,"7,584",13,288,0,12,0,679,5,55,1,"1,068",0,4,0,0,0
/s/section-171-definition-of-salary-under-the-income-tax-act,"7,498",4,44,0,81,0,24,0,10,0,553,0,9,0,4,0
/s/tds-under-goods-and-service-tax,"7,378",3,38,0,36,0,41,0,26,0,0,0,0,0,0,0
/s/how-to-add-update-bank-account-in-epfo,"7,368",37,206,3,89,1,496,3,26,0,"1,085",1,7,0,0,0
/s/sbi-mini-statement,"7,324",20,124,0,176,0,580,3,36,0,"1,255",2,4,0,0,0
/s/professional-tax-maharashtra,"7,316",5,95,0,47,0,54,0,25,0,670,1,14,0,1,0
/s/gst-registration-limits-increased,"7,316",4,30,0,78,0,40,0,29,0,0,0,0,0,0,0
/s/kyc-update-online,"7,307",34,588,1,482,10,"1,525",11,68,0,883,3,18,1,0,0
/s/how-to-show-fno-loss-in-income-tax-return,"7,172",12,78,0,63,1,67,1,40,0,826,2,12,0,0,0
/s/sbi-cif-number,"7,168",19,101,0,99,1,238,1,43,0,"1,001",1,4,0,0,0
/s/sahara-refund,"7,166",32,714,2,277,1,939,4,95,0,"1,371",2,3,0,0,0
/s/analysis-of-section-194r-of-the-income-tax-act-1961,"7,159",3,23,0,20,0,22,0,16,0,462,0,6,0,4,0
/s/domicile-certificate,"7,143",20,175,0,155,2,456,2,56,0,726,0,8,0,0,0
/s/gst-registration,"7,129",68,233,4,0,0,291,0,69,0,0,0,0,0,0,0
/s/section194ib-194ic-under-income-tax-act,"7,110",3,18,0,16,0,14,0,25,0,1,0,0,0,1,0
/s/how-to-change-date-of-birth-in-aadhaar-card,"7,099",39,28,0,205,4,"1,090",13,75,9,992,0,2,0,0,0
/s/claim-deduction-under-section-80gg-for-rent-paid,"7,093",6,38,1,46,0,31,0,17,0,654,0,7,1,1,0
/s/income-tax-on-fixed-deposit-interest,"7,081",9,56,0,5,0,54,1,10,0,"1,006",3,7,0,2,0
/s/gst-input-tax-credit,"7,078",2,122,0,68,0,100,0,27,0,0,0,0,0,0,0
/s/caro-companies-auditors-report-order-2020,"6,983",5,49,0,12,0,48,0,35,0,1,0,1,0,2,0
/s/dbt-payment-status-check,"6,878",36,348,2,250,4,622,3,34,1,951,2,8,0,0,0
/s/income-tax-for-nri,"6,866",21,510,3,85,2,102,2,81,2,840,3,8,0,1,0
/s/404error,"6,859",2,0,0,0,0,0,0,0,0,0,0,0,0,0,0
/s/how-much-gold-is-allowed-from-dubai-to-india,"6,831",3,46,0,36,0,52,0,11,0,"1,567",0,4,0,0,0
/s/rental-agreement-format-download,"6,744",45,86,1,49,0,152,0,18,0,639,0,10,0,0,0
/s/corporate-social-responsibility,"6,717",4,65,0,37,0,39,0,32,0,0,0,0,0,0,0
/s/form-10ia,"6,697",2,26,0,219,0,51,0,25,0,679,1,13,0,0,0
/s/higher-pension-scheme-epfo,"6,632",15,145,0,96,0,368,1,36,0,"1,539",2,17,0,0,0
/s/home-loan-tax-benefits,"6,630",4,52,1,37,0,35,0,21,0,677,0,10,0,6,0
/s/how-to-exchange-2000-notes-in-bank,"6,628",6,14,0,85,0,117,0,18,0,"2,063",1,4,0,0,0
/s/gst-late-fee-interest-calculator,"6,624",1,59,1,0,0,0,0,0,0,0,0,0,0,0,0
/s/how-to-find-pf-account-number,"6,620",25,179,0,121,4,513,2,67,4,736,0,1,0,0,0
/s/rbi-customer-care,"6,619",26,110,2,217,3,667,3,29,0,907,3,8,0,0,0
/s/punjab-government-holiday-list-2025,"6,571",3,8,0,16,0,76,0,18,0,193,0,3,0,0,0
/s/perquisites-in-income-tax,"6,535",1,31,0,49,0,22,0,13,0,651,0,11,0,2,0
/s/universal-account-number,"6,531",20,719,3,64,0,552,3,66,1,459,0,4,0,0,0
/s/ration-cards-types-benefits,"6,529",9,114,0,79,1,231,1,55,0,"1,170",1,5,0,0,0
/s/e-invoicing-gst,"6,457",1,365,0,43,0,49,0,54,0,0,0,0,0,0,0
/s/stock-average-calculator,"6,431",11,121,1,3,0,760,2,35,1,"2,038",1,2,0,0,0
/s/tax-on-pf-provident-fund,"6,407",6,23,0,23,0,34,1,16,1,591,0,2,0,1,0
/s/pan-card-in-48-hours,"6,403",28,84,0,107,2,415,2,18,1,"1,020",1,3,0,0,0
/s/taxcloud,"6,383",160,"5,541",148,0,0,0,0,0,0,0,0,0,0,0,0
/s/duplicate-pan-card,"6,382",28,88,0,74,0,355,1,22,0,669,2,12,0,0,0
/s/new-annual-information-statement-ais,"6,366",8,170,0,69,0,96,0,34,1,587,0,4,0,2,0
/s/sbi-atm-withdrawal-limit,"6,341",3,22,0,29,0,64,0,14,1,"1,088",0,2,0,0,0
/s/capital-gain-exemption,"6,326",5,50,1,18,0,19,0,15,0,727,1,15,0,4,0
/s/stamp-duty-and-registration-charges-in-maharashtra,"6,293",7,65,0,2,0,82,1,13,1,"1,157",0,4,0,0,0
/s/post-office-fd-calculator,"6,272",4,102,0,2,0,492,0,26,0,"1,694",2,1,0,0,0
/s/tamil-nadu-government-1000-rupees-scheme,"6,261",18,255,0,219,2,"1,017",4,23,1,"1,108",0,2,0,0,0
/s/gstr-3b,"6,255",1,86,0,72,1,63,0,34,0,0,0,0,0,0,0
/s/top-performing-nps-schemes,"6,241",4,27,0,22,0,61,0,118,2,"1,218",1,3,0,2,0
/s/sbi-statement-password,"6,228",23,65,0,45,1,327,2,41,0,823,1,5,0,0,0
/s/aadhaar-card,"6,227",28,"1,242",0,490,2,"1,602",2,186,0,814,2,10,0,0,0
/s/post-office-monthly-income-scheme-pomis,"6,176",5,109,0,54,0,90,0,24,0,"1,855",0,7,0,1,0
/s/how-to-check-aadhar-card-pan-card-link-status,"6,153",140,"1,095",0,145,0,"3,010",10,275,10,"2,395",10,20,0,5,0
/s/how-to-link-mobile-number-with-voter-id,"6,125",29,389,2,141,1,583,3,38,0,"1,768",6,7,0,0,0
/s/tax-on-foreign-remittance,"6,123",2,13,0,36,0,37,0,16,0,825,0,11,0,3,0
/s/gstr-9-annual-return,"6,116",2,43,0,120,0,30,0,26,0,0,0,0,0,0,0
/s/tds-refund,"6,108",17,188,0,197,1,448,2,66,1,790,0,15,0,0,0
/s/canara-bank-gold-loan-interest-rate,"6,078",6,35,0,75,0,70,1,25,0,"1,156",1,3,0,0,0
/s/other-income-sources,"6,046",1,36,0,63,0,55,0,19,0,651,0,8,0,5,0
/s/inflation-calculator,"5,946",2,73,0,6,0,355,1,24,0,665,0,3,0,0,0
/s/capital-gains-accounts-scheme,"5,927",5,25,0,30,0,54,0,22,0,"1,177",3,12,0,0,0
/s/ippb-customer-id,"5,901",30,251,2,141,0,669,4,66,0,919,1,7,0,0,0
/s/ration-card,"5,880",24,275,0,228,1,517,3,74,0,520,1,4,0,0,0
/s/tax-implications-for-nri-willing-to-sell-property-in-india,"5,858",4,27,0,48,0,31,0,14,0,993,3,8,0,1,0
/s/post-office-holidays-2025,"5,842",6,21,0,68,2,65,0,10,0,811,1,3,0,0,0
/s/senior-citizen-card,"5,837",39,309,3,525,0,782,2,25,1,"1,668",6,10,1,0,0
/s/epf-interest-taxation-exceeding-2-5-lakh,"5,824",,34,,12,,26,,8,,619,,5,,2,
/s/section-43bh-of-income-tax-act,"5,787",1,17,0,42,0,8,0,19,0,552,0,10,0,0,0
/s/central-bank-of-india-cif-number,"5,764",14,169,1,117,1,328,1,25,0,"1,149",2,3,0,0,0
/s/professional-tax-west-bengal,"5,668",5,103,0,61,1,82,0,19,0,550,0,10,0,1,0
/s/section-54ec-bonds,"5,660",6,24,1,25,0,35,0,8,0,746,2,10,1,1,0
/s/gst-law-goods-and-services-tax,"5,641",5,252,0,90,0,119,0,42,0,0,0,0,0,0,0
/s/nps-national-pension-scheme,"5,639",3,70,0,4,0,44,0,58,0,720,0,6,0,7,0
/s/bank-account-transfer-application,"5,566",7,52,0,66,0,190,0,24,0,925,0,5,0,0,0
/s/new-tax-regime-frequently-asked-questions,"5,555",1,41,0,16,0,24,0,16,0,618,0,6,0,3,0
/s/fd-calculator,"5,552",,252,,13,,396,,47,,"1,040",,8,,1,
/s/taxability-on-nps-employers-contribution,"5,532",6,27,0,18,0,37,0,29,0,605,1,5,0,4,0
/s/freelance-professional-business-income,"5,521",7,42,0,36,1,20,0,17,1,712,0,9,0,2,0
/s/tds-under-section-194s-of-income-tax-act,"5,520",3,21,2,27,0,10,0,16,0,3,0,2,0,0,0
/s/what-is-financial-year-assessment-year,"5,510",3,62,0,40,0,43,0,25,0,438,0,4,0,1,0
/s/get-certificate-claiming-deduction-section-80ddb,"5,416",2,21,0,31,0,15,0,14,0,506,0,5,0,1,0
/s/download-tds-rpu-latest-version,"5,352",18,117,0,73,0,8,0,41,0,0,0,3,0,0,0
/s/kisan-vikas-patra,"5,332",3,24,1,51,0,55,0,17,0,"1,306",1,4,0,0,0
/s/how-to-save-tax-in-new-tax-regime,"5,325",6,37,0,50,0,17,0,43,0,708,0,12,0,0,0
/s/section-80e-deduction-interest-education-loan,"5,318",3,13,0,6,0,25,0,28,0,491,0,10,0,1,0
/s/haryana-government-holiday-list-2025,"5,296",2,20,0,21,1,58,1,20,0,254,0,2,0,0,0
/s/itr1,"5,293",8,100,0,52,0,147,1,36,0,454,0,11,0,4,0
/s/how-to-withdraw-pension-contribution-in-epf,"5,266",9,62,0,72,0,194,1,27,3,"1,066",0,8,0,1,0
/s/ppp-family-id,"5,262",21,402,1,254,2,485,7,35,0,280,0,3,0,0,0
/s/goods-transport-agency-under-gst,"5,252",,20,,6,,35,,14,,0,,0,,0,
/s/ckyc-india,"5,239",13,275,1,108,0,636,5,26,0,728,1,9,0,0,0
/s/employment-linked-incentive-scheme,"5,238",4,94,0,109,0,404,0,30,1,670,1,10,0,0,0
/s/income-tax-processing,"5,194",7,74,1,33,0,64,1,6,0,895,2,8,0,2,0
/s/us-tariff-on-india,"5,190",1,287,0,6,0,42,0,0,0,"1,994",0,9,0,0,0
/s/nsc-calculator,"5,180",3,46,0,4,0,283,1,20,0,"1,099",1,3,0,0,0
/s/karnataka-government-holiday-list-2025,"5,173",3,15,0,21,0,49,0,7,0,362,0,8,0,0,0
/s/cin-corporate-identification-number,"5,156",4,181,0,65,0,141,2,24,1,3,0,0,0,1,0
/s/up-government-holiday-list-2025,"5,146",3,18,0,11,1,98,0,15,0,550,0,0,0,0,0
/s/viksit-bharat-2047,"5,134",5,102,0,87,0,228,0,34,0,"1,610",1,7,0,0,0
/s/schedule-al-itr-applicability,"5,121",3,15,0,37,1,23,0,4,0,398,0,7,0,2,0
/s/how-to-track-sbi-debit-card,"5,120",30,144,0,224,3,427,5,31,0,690,1,2,0,0,0
/s/discount-calculator,"5,118",5,54,0,5,0,479,1,16,0,510,4,1,0,0,0
/s/best-bank-for-salary-account,"5,115",3,13,0,15,0,27,0,9,0,742,1,7,0,0,0
/s/taxation-on-esop-rsu-stock-options,"5,102",5,19,0,4,0,13,1,12,0,653,1,0,0,1,0
/s/gst-returns,"5,071",4,191,1,76,0,100,0,55,1,0,0,0,0,0,0
/s/what-is-sgst-cgst-igst,"5,067",,37,,42,,83,,24,,0,,0,,0,
/s/section-80u-deduction,"5,065",3,19,0,21,0,43,0,10,0,543,0,9,0,4,0
/s/accounting-golden-rules,"5,054",2,55,0,34,0,64,0,27,0,6,0,0,0,1,0
/s/stamp-duty-and-registration-charges-in-tamil-nadu,"5,050",8,33,0,0,0,66,2,12,1,"1,196",2,4,0,0,0
/s/itc-reversal-gst,"5,050",1,22,0,30,0,56,0,14,0,0,0,0,0,0,0
/s/about-us,"5,007",,898,,0,,0,,0,,0,,0,,0,
/s/consent-letter-gst-registration-format-requirements,"5,003",5,31,0,26,0,89,0,18,0,0,0,0,0,0,0
/s/how-to-download-itr-v-acknowledgement,"4,992",12,384,1,27,0,303,2,39,0,424,1,2,0,0,0
/s/deferred-tax-asset-deferred-tax-liability-dta-dtl,"4,987",2,27,0,16,0,20,1,10,0,0,0,2,0,0,0
/s/kvp-kisan-vikas-patra-calculator,"4,979",2,113,0,11,0,243,0,21,0,842,1,11,0,0,0
/s/how-to-change-photo-and-signature-in-pan-card,"4,977",16,118,0,168,3,432,4,27,0,574,0,3,0,0,0
/s/post-office-monthly-income-scheme-calculator,"4,955",2,70,0,11,0,385,0,7,0,596,0,0,0,0,0
/s/tax-on-upi-transactions,"4,953",4,8,0,33,0,42,0,10,0,958,0,3,0,1,0
/s/e-shram-card,"4,944",33,630,1,397,4,805,6,82,2,844,2,5,0,0,0
/s/indian-bank-balance-check-number,"4,936",10,121,1,32,0,349,3,47,1,800,4,2,0,0,0
/s/disclosure-of-foreign-assets-in-income-tax-return,"4,932",11,66,1,42,0,28,1,23,0,534,3,5,0,0,0
/s/labour-card,"4,931",43,418,0,7,0,834,5,109,0,820,5,6,0,0,0
/s/nps-calculator,"4,906",,75,,12,,272,,19,,"1,007",,2,,1,
/s/itr4,"4,891",1,68,0,47,0,41,0,21,1,480,0,7,0,1,0
/s/how-to-apply-for-atm-card-in-sbi,"4,886",12,281,0,205,2,960,7,41,0,780,0,6,0,0,0
/s/reverse-gst-calculator,"4,878",4,46,0,2,0,166,0,28,0,647,1,7,0,0,0
/s/ppf-withdrawal-rules,"4,876",9,16,1,21,0,34,0,5,0,"1,327",0,5,0,0,0
/s/capital-gains-tax-savings-on-sale-of-agricultural-land,"4,869",2,19,0,26,1,36,0,23,0,885,0,15,0,0,0
/s/salary-income,"4,839",3,"2,016",0,390,0,273,0,177,0,"1,344",0,24,0,63,0
/s/sovereign-gold-bonds,"4,772",9,18,1,26,0,43,0,9,0,577,1,5,0,0,0
/s/bank-of-india-boi-statement-passwordâ€‹,"4,753",6,19,0,0,0,275,2,0,0,578,3,0,0,0,0
/s/form-3cd,"4,749",7,44,0,166,0,44,0,18,0,620,0,12,0,0,0
/s/uniform-allowance,"4,735",7,16,1,12,0,19,0,5,0,310,0,4,0,0,0
/s/section-194d-194da-income-tax,"4,726",1,14,0,15,0,14,0,11,0,2,0,1,0,0,0
/s/atm-withdrawal-limit,"4,726",1,30,0,31,1,59,0,20,0,637,0,0,0,0,0
/s/set-off-carry-forward-capital-losses,"4,662",5,25,0,26,0,17,0,8,0,497,0,6,0,1,0
/s/partner-hrone,"4,657",20,495,1,0,0,0,0,15,0,0,0,0,0,0,0
/s/special-allowance-india,"4,645",3,20,0,51,0,11,0,7,0,433,0,2,0,3,0
/s/tds-challan-correction,"4,629",5,34,0,35,0,22,0,15,1,1,0,0,0,1,0
/s/maharashtra-government-holiday-list-2025,"4,628",6,8,0,12,0,41,0,14,0,413,0,4,0,0,0
/s/chapter-99-services-sac-code-gst-rate,"4,617",3,44,1,0,0,0,0,26,2,0,0,0,0,0,0
/s/section-16-of-income-tax-act,"4,608",,32,,48,,15,,10,,349,,2,,0,
/s/pay-income-tax-due,"4,583",4,155,0,39,0,87,0,26,0,561,1,3,0,0,0
/s/sft,"4,581",2,39,0,29,0,18,0,18,0,542,0,14,0,3,0
/s/canara-bank-balance-check-number,"4,563",2,36,0,84,0,142,0,30,0,624,1,4,0,0,0
/s/tds-and-tcs-changes-from-april-2025,"4,557",6,55,0,67,1,24,0,47,1,430,0,9,0,0,0
/s/how-to-apply-for-pan,"4,557",22,451,0,320,4,800,6,94,0,444,1,5,0,2,0
/s/aadhaar-card-password-and-how-to-open-it,"4,554",13,87,1,155,2,363,0,14,0,225,0,5,0,1,0
/s/state-wise-threshold-limits-e-way-bills,"4,536",2,16,0,36,0,32,1,6,0,0,0,0,0,0,0
/s/mahalakshmi-scheme-telangana,"4,530",10,117,0,238,1,509,2,42,0,668,3,8,0,0,0
/s/gst-cases-where-input-tax-credit-is-unavailable,"4,513",1,14,0,24,0,19,0,10,0,0,0,0,0,0,0
/s/apaar-id-card,"4,509",29,788,2,252,3,697,2,51,1,464,0,4,0,0,0
/s/down-payment-calculator,"4,506",3,109,0,2,0,853,1,19,0,977,0,1,0,0,0
/s/section-194o,"4,456",4,14,0,26,0,8,0,10,0,1,0,0,0,0,0
/s/unified-pension-scheme-ups,"4,455",3,46,0,32,0,95,1,30,0,"1,673",1,2,0,0,0
/s/rule-86b-under-gst-restriction-on-itc-utilisation,"4,442",1,9,0,80,0,20,0,29,0,0,0,0,0,0,0
/s/interest-imposed-by-income-tax-department-under-section-234b,"4,441",7,6,0,17,0,7,0,12,0,2,0,2,0,0,0
/s/e-pan-card,"4,438",28,131,0,88,1,229,2,27,0,241,2,2,0,0,0
/s/late-tax-return,"4,436",2,13,0,19,0,29,0,13,0,438,1,5,0,2,0
/s/stamp-duty-and-registration-charges-in-up,"4,432",7,39,0,2,0,61,1,11,0,833,2,1,0,0,0
/s/speculative-income,"4,415",5,17,0,27,0,8,0,8,0,396,0,9,0,1,0
/s/tax-on-online-gaming-in-india,"4,414",3,19,0,37,0,40,0,15,0,436,0,3,0,1,0
/s/odisha-ration-card,"4,397",18,257,0,114,1,539,2,67,0,403,4,5,0,0,0
/s/impact-gst-food-services-restaurant-business,"4,395",1,26,0,44,0,36,0,13,0,0,0,0,0,0,0
/s/legal-heir-certificate-format-download,"4,395",4,51,0,65,0,207,0,14,0,607,0,5,0,0,0
/s/domicile-certificate-bihar,"4,384",19,268,0,367,3,490,1,67,0,552,1,4,1,0,0
/s/section-40a3-of-income-tax-act,"4,378",3,20,0,0,0,18,0,21,0,450,0,0,0,0,0
/s/nri-status-and-taxation,"4,370",15,26,0,78,0,21,0,17,0,733,0,9,0,0,0
/s/rsu-restricted-stock-unit,"4,353",99,60,0,44,1,8,0,16,0,536,1,9,0,0,0
/s/tcs-on-car-purchase,"4,335",4,28,0,37,0,35,0,12,0,2,0,0,0,1,0
/s/bank-of-maharashtra-balance-check-number,"4,332",1,65,0,4,0,160,1,7,0,825,0,0,0,0,0
/s/tds-journal-entry,"4,317",4,35,0,23,0,33,0,8,1,0,0,0,0,2,0
/s/income-tax-buyback-shares,"4,300",3,3,0,18,0,16,0,13,0,8,0,0,0,0,0
/s/ao-code-for-pan-card,"4,293",7,38,0,39,0,121,0,29,0,381,0,3,0,0,0
/s/duplicate-voter-id-card-download,"4,277",10,58,0,57,1,236,0,23,0,738,0,4,0,0,0
/s/careers,"4,273",,651,,0,,0,,0,,0,,0,,0,
/s/rooftop-solar-scheme,"4,262",5,139,1,85,0,363,1,149,0,"1,075",0,2,0,0,0
/s/epfo-3-0-pf-withdrawal-atm-upi,"4,258",7,76,0,93,1,270,1,36,0,604,1,4,0,1,0
/s/tds-on-transportation-charges,"4,256",,13,,19,,13,,13,,0,,2,,2,
/s/what-to-do-income-tax-refund-is-delayed,"4,255",7,31,1,36,0,63,0,8,0,921,0,4,0,0,0
/s/gst-registration-documents-checklist,"4,250",3,39,0,10,0,55,0,12,0,0,0,0,0,0,0
/s/how-to-upload-tds-returns-on-the-income-tax-website,"4,244",10,131,1,116,0,156,2,30,1,2,0,2,0,0,0
/s/maintenance-services-gst-rates-sac-code-9987,"4,240",,119,,0,,0,,0,,0,,0,,0,
/s/section-115h-of-the-income-tax-act,"4,232",7,32,0,13,1,5,0,16,0,203,1,1,0,0,0
/s/instant-pan-through-aadhaar,"4,218",19,243,0,170,2,665,5,41,0,298,0,6,0,0,0
/s/hp-gas-booking-number,"4,213",12,34,1,63,1,189,0,15,0,643,1,1,0,0,0
/s/sbi-personal-loan-emi-calculator,"4,200",7,65,1,9,0,649,2,24,0,"1,414",0,1,0,0,0
/s/sbi-mobile-banking,"4,169",14,334,4,115,1,586,2,77,1,729,3,7,0,1,0
/s/revise-return,"4,163",6,82,0,37,2,77,0,16,0,570,0,2,1,0,0
/s/sbi-account-number,"4,155",7,140,0,147,0,490,3,39,0,427,1,6,0,0,0
/s/indane-gas-booking-number,"4,135",11,40,0,32,1,184,2,18,0,502,2,3,0,0,0
/s/professional-tax,"4,134",4,30,0,34,0,20,0,13,0,351,0,9,1,0,0
/s/income-tax-changes-from-april-2025,"4,126",5,66,0,46,0,38,0,30,2,546,1,5,0,5,0
/s/capital-gains-exemption-on-sale-of-land,"4,106",5,20,0,23,0,53,0,27,0,779,0,10,0,0,0
/s/pan-card-active-status,"4,102",15,86,1,75,2,179,2,13,0,262,0,1,0,0,0
/s/section-80eeb-deduction-purchase-electric-vehicle,"4,099",4,15,0,9,0,10,1,7,0,358,0,3,0,1,0
/s/how-to-file-income-tax-return-for-last-years,"4,096",7,50,1,59,0,59,1,19,0,415,0,10,0,1,0
/s/how-to-save-tax-for-salary-above-12-lakhs,"4,091",5,25,0,1,0,51,0,8,0,767,0,8,0,6,0
/s/voter-id-download,"4,086",18,247,2,323,2,594,3,45,0,550,2,2,0,0,0
/s/input-service-distributor-under-gst,"4,085",1,30,0,50,0,37,0,26,0,0,0,0,0,0,0
/s/goods-transport-services-gst-rates-sac-code-9965,"4,074",,55,,0,,0,,5,,0,,0,,0,
/s/form-67-claim-foreign-tax-credit,"4,050",6,49,1,28,0,18,1,33,1,431,0,0,0,0,0
/s/freight-charges-hsn-code-and-gst-rate,"4,048",1,20,0,22,0,21,0,7,0,0,0,0,0,0,0
/s/dearness-allowance,"4,032",5,25,0,43,0,31,0,13,0,414,0,4,0,1,0
/s/petrol-and-diesel-tax,"4,015",,43,,12,,33,,14,,"1,051",,2,,0,
/s/tax-benefit-salaried-employee-car-provided-employer,"4,001",2,29,0,14,0,24,0,7,0,431,0,5,0,1,0
/s/how-to-file-itr-for-mutual-funds,"3,998",5,42,1,41,0,32,1,19,2,520,1,8,0,1,0
/s/income-tax,"3,989",18,"2,493",3,195,0,276,0,462,3,"1,164",0,33,0,24,0
/s/how-to-activate-sbi-debit-card,"3,978",1,64,0,18,0,113,0,13,0,961,0,3,0,0,0
/s/gst-input-tax-credit-utilisation,"3,976",,22,,10,,52,,19,,0,,0,,0,
/s/income-tax-return-for-insurance-agents,"3,962",6,14,0,22,0,21,0,10,0,444,0,13,1,0,0
/s/atm-withdrawal-charges,"3,954",5,13,0,3,0,50,0,11,1,815,2,1,0,0,0
/s/how-to-surrender-pan-card-or-make-corrections,"3,924",14,76,0,67,0,171,0,13,0,584,1,5,0,0,0
/s/gpf-calculator,"3,915",5,54,0,10,0,534,0,41,1,"1,138",2,2,0,0,0
/s/gst-on-upi-payments,"3,914",3,16,0,78,0,64,0,9,0,0,0,0,0,0,0
/s/other-professional-services-gst-rates-sac-code-9983,"3,896",,128,,0,,0,,0,,0,,0,,0,
/s/voter-list-west-bengal,"3,895",33,288,4,4,0,955,10,50,1,392,2,2,0,0,0
/s/depreciation-calculator,"3,846",7,76,0,1,0,341,2,10,0,385,0,0,0,0,0
/s/esic,"3,844",4,44,0,21,0,27,0,11,0,1,0,0,0,1,0
/s/section-44ae-of-the-income-tax-act,"3,839",4,12,0,14,0,8,0,14,0,330,1,9,0,3,0
/s/superannuation,"3,832",4,13,0,38,0,16,0,7,0,498,2,9,0,0,0
/s/domicile-certificate-maharashtra,"3,814",11,80,1,70,0,165,1,23,1,609,1,3,0,0,0
/s/deductions-for-salaried-employees,"3,807",2,25,1,3,0,14,0,12,0,324,0,7,1,0,0
/s/pan-card-acknowledgement-number,"3,805",24,96,0,109,1,312,1,9,0,341,0,4,0,0,0
/s/gst-impact-on-gold,"3,774",,32,,43,,79,,12,,0,,0,,0,
/s/section-57-of-the-income-tax,"3,773",4,10,0,28,0,9,0,10,0,286,0,0,0,0,0
/s/how-to-open-pan-card-password,"3,759",22,124,1,117,0,349,4,18,1,235,0,3,0,0,0
/s/tds-on-fd-interest,"3,750",3,12,0,31,0,33,0,1,0,4,0,1,0,0,0
/s/filing-form-10e-claim-relief-section-89-1,"3,745",5,39,0,30,0,62,0,26,0,338,0,10,0,1,0
/s/lakshmir-bhandar-scheme,"3,744",11,152,1,179,2,299,1,25,1,544,2,3,0,0,0
/s/hdfc-bank-savings-account,"3,736",4,37,1,28,0,45,1,4,0,650,0,3,0,0,0
/s/direct-expenses-indirect-expenses-list,"3,729",3,38,0,21,1,42,0,15,0,1,0,0,0,0,0
/s/how-to-renew-passport,"3,710",10,98,1,77,3,194,0,18,1,608,0,3,0,0,0
/s/cleartax-itr-filing-guide,"3,706",2,72,0,0,0,0,0,0,0,0,0,0,0,0,0
/s/section-234e-late-filing-penalty-fee-tds-tcs-returns,"3,705",,30,,15,,36,,19,,0,,2,,0,
/s/icici-bank-savings-account,"3,704",1,27,0,13,0,32,0,23,0,676,0,2,0,0,0
/s/chapter-61-apparel-clothing-accessories-knitted-crocheted-gst-rate-hsn-code,"3,688",,16,,0,,0,,8,,0,,0,,0,
/s/section-37-of-income-tax,"3,681",2,8,0,23,0,8,0,14,0,395,0,2,0,0,0
/s/partner-lazypay,"3,663",41,423,2,0,0,0,0,15,0,0,0,0,0,0,0
/s/tcs-section-2061h-finance-act-2020-e-invoicing-gst,"3,661",,4,,13,,14,,8,,0,,0,,0,
/s/commutation-of-pension,"3,651",3,26,0,45,0,72,0,21,0,"1,079",2,6,0,0,0
/s/income-tax-e-verification-evc,"3,646",11,242,4,38,1,200,0,62,0,369,1,6,0,0,0
/s/pan-card-fees,"3,636",4,23,0,25,0,222,1,16,2,366,1,1,0,0,0
/s/retirement-age-in-india,"3,630",2,14,0,910,0,30,0,13,0,743,1,1,0,0,0
/s/securities-transaction-tax-stt,"3,626",4,21,0,26,0,16,0,11,0,348,1,6,0,0,0
/s/edli,"3,618",5,76,1,45,0,198,2,24,1,510,0,8,0,1,0
/s/up-ration-card,"3,597",15,166,0,283,1,624,4,38,0,377,0,2,0,0,0
/s/resident-indians-should-disclose-us-stocks-in-itr,"3,597",10,62,2,29,1,12,0,19,0,345,2,3,0,0,0
/s/professional-tax-karnataka,"3,588",1,39,1,19,0,26,0,7,0,342,0,11,0,0,0
/s/icai-guidance-note-for-non-corporate-entities,"3,569",1,24,0,86,0,44,0,17,0,0,0,0,0,0,0
/s/what-is-auto-sweep-facility,"3,565",1,18,0,25,0,62,0,13,0,"1,006",0,3,0,0,0
/s/taxability-sale-land-building-section-50c,"3,557",,5,,23,,9,,8,,503,,1,,0,
/s/present-value-calculator,"3,551",,24,,4,,222,,13,,477,,1,,0,
/s/voluntary-provident-fund,"3,547",3,32,0,31,0,24,0,9,0,437,0,0,0,2,0
/s/tatkal-passport,"3,543",2,25,0,0,0,96,1,17,0,507,0,1,0,0,0
/s/sukanya-samriddhi-yojana-ssy-calculator,"3,543",2,54,1,3,0,264,0,11,1,924,0,2,0,0,0
/s/how-to-save-tax-for-salary-above-13-lakhs,"3,532",1,18,0,14,0,37,0,3,0,614,0,2,0,0,0
/s/police-verification-for-passport,"3,529",1,22,0,27,1,67,0,14,0,769,0,1,0,0,0
/s/pf-taxable-interest-calculation,"3,514",3,10,0,13,0,20,0,7,0,333,0,2,0,3,0
/s/section-64-clubbing-income,"3,505",2,19,0,15,0,28,0,10,1,620,0,9,0,1,0
/s/hdfc-bank-statement-password,"3,504",11,55,0,19,1,119,1,16,1,351,2,2,0,0,0
/s/partner-paytm-money,"3,501",24,323,0,0,0,0,0,12,0,0,0,0,0,0,0
/s/hdfc-bank-customer-id,"3,498",8,230,1,103,1,305,2,21,0,432,0,2,0,0,0
/s/types-of-taxes-in-india-direct-and-indirect-tax,"3,494",2,45,1,39,0,55,1,14,0,616,0,9,0,4,0
/s/bank-holidays-2025-mumbai,"3,467",,9,,8,,29,,6,,408,,2,,0,
/s/car-bike-depreciation-rate,"3,465",2,18,0,8,0,20,0,14,0,344,0,3,0,0,0
/s/repo-rate,"3,462",1,28,0,3,0,12,0,8,0,547,0,4,0,2,0
/s/axis-bank-savings-account-interest-rate,"3,455",4,25,1,15,0,31,0,11,3,666,0,3,0,0,0
/s/gst-unit-quantity-code-uqc,"3,452",,38,,42,,22,,20,,0,,0,,0,
/s/form-16-password,"3,446",3,37,0,17,1,43,0,17,0,245,0,6,0,0,0
/s/exemptions-gst-goods,"3,445",1,23,0,22,0,25,0,6,0,0,0,0,0,0,0
/s/bank-holidays-2025-karnataka,"3,428",,13,,1,,36,,9,,326,,3,,0,
/s/highest-tax-payer-in-india,"3,425",,25,,16,,20,,8,,467,,3,,0,
/s/returns-under-the-gst-law,"3,423",,84,,48,,42,,8,,0,,0,,0,
/s/max-itc,"3,420",11,310,1,0,0,189,7,0,0,0,0,0,0,0,0
/s/gng-electronics-ipo-allotment-status-check,"3,417",8,17,0,2,0,134,2,0,0,12,0,0,0,0,0
/s/gst-on-labour-charges,"3,413",2,12,0,34,0,23,0,7,0,0,0,0,0,0,0
/s/presumptive-taxation-under-sec-44ad-and-44ae,"3,412",2,29,0,22,0,11,0,16,0,370,0,1,0,1,0
/s/telephone-and-internet-allowance-tax-exemption,"3,406",2,6,0,51,0,4,0,9,0,216,0,3,0,0,0
/s/maternity-benefit-act,"3,399",,24,,26,,39,,21,,5,,0,,0,
/s/section-112-calculate-income-tax-on-long-term-capital-gains,"3,391",4,12,0,11,0,9,0,6,1,308,0,0,0,1,0
/s/know-your-gstin,"3,391",,37,,48,,115,,37,,0,,0,,0,
/s/sbi-bank-holidays-list-2025,"3,386",2,37,0,12,0,56,1,6,0,695,0,4,0,0,0
/s/pricing-paid,"3,383",205,760,8,0,0,327,3,14,0,28,0,0,0,0,0
/s/interest-imposed-by-income-tax-department-under-section-234a,"3,372",3,4,0,7,0,9,0,7,0,2,0,2,0,3,0
/s/mutual-fund-calculator,"3,366",1,63,0,4,0,304,0,14,0,781,1,1,0,0,0
/s/gst-on-construction,"3,360",1,12,0,28,0,17,0,17,0,0,0,0,0,0,0
/s/domicile-certificate-west-bengal,"3,358",12,158,0,93,0,235,0,26,0,723,1,11,0,0,0
/s/tcs-on-overseas-tour-package,"3,354",4,11,0,2,0,17,0,7,0,2,0,0,0,0,0
/s/input-tax-credit-under-gst,"3,337",,26,,14,,14,,7,,0,,0,,0,
/s/emi-calculator,"3,325",4,77,0,4,0,101,1,19,1,596,0,0,0,0,0
/s/section-143-1-it-act,"3,319",4,65,0,48,0,99,1,48,1,448,0,6,0,2,0
/s/bank-holidays-list-2025,"3,311",1,21,0,19,0,47,0,8,0,288,1,0,0,0,0
/s/restricted-refund,"3,310",5,19,0,60,0,28,1,5,0,345,0,6,0,0,0
/s/pnb-balance-check-number,"3,306",1,41,0,67,0,163,0,17,0,632,0,4,0,0,0
/s/retirement-planning-calculator,"3,302",3,34,0,7,0,205,0,12,0,671,3,0,0,1,0
/s/gst-collection-july-2025,"3,292",1,16,0,0,0,54,0,69,0,0,0,0,0,0,0
/s/accounting-standards,"3,286",1,42,0,23,0,41,0,11,0,0,0,0,0,0,0
/s/section-80ggc-of-income-tax-act,"3,284",1,9,0,8,0,15,0,8,1,281,0,2,0,1,0
/s/lic-bima-sakhi-yojana,"3,278",7,55,0,129,0,211,2,20,0,"1,122",1,8,0,0,0
/s/average-salary-in-india,"3,262",2,25,0,20,0,72,1,7,0,390,0,2,0,0,0
/s/form-12ba,"3,261",1,16,0,23,0,12,0,7,0,190,0,6,0,1,0
/s/gst-news-and-announcements,"3,250",3,101,1,4,0,24,0,58,0,0,0,0,0,0,0
/s/post-office-ppf-calculator,"3,250",3,56,0,7,0,407,0,12,0,849,0,1,0,0,0
/s/indexation-helps-reduce-tax-debt-fund-gains,"3,247",3,13,0,36,0,21,0,14,0,348,1,4,0,0,0
/s/applicability-ind-as,"3,244",,10,,23,,8,,7,,1,,1,,0,
/s/link-aadhaar-uan-pf,"3,244",21,171,0,16,1,420,4,41,2,342,0,6,0,0,0
/s/itr-if-taxable-income-is-below-basic-exemption-limit,"3,244",2,37,0,12,0,24,0,9,0,354,1,2,0,1,0
/s/section-194d-tds,"3,238",4,6,0,9,0,8,0,7,1,2,0,0,0,0,0
/s/link-aadhaar-ration-card,"3,232",16,172,1,116,0,419,1,26,0,271,1,6,0,0,0
/s/letter-of-authorization-for-gst,"3,230",,17,,0,,35,,6,,0,,0,,0,
/s/epf-claim-rejected-reasons-and-how-to-apply-again,"3,222",8,25,0,11,0,74,1,15,0,300,1,3,0,0,0
/s/gstr4-composition-dealer-gst-return,"3,201",1,20,0,72,0,16,0,12,0,0,0,0,0,0,0
/s/aadabidda-nidhi-scheme,"3,198",4,86,0,212,0,280,1,21,0,568,0,4,0,0,0
/s/gst-on-cars,"3,195",2,15,0,4,0,61,1,6,0,0,0,0,0,0,0
/s/section-80jja-income-tax-act,"3,189",2,2,0,27,0,4,0,7,0,250,1,3,0,2,0
/s/documents-required-for-income-tax-return-filing,"3,174",1,37,0,19,0,34,0,14,0,326,1,2,0,0,0
/s/differences-between-neft-rtgs-imps,"3,172",2,23,0,5,0,22,0,6,0,505,0,6,0,0,0
/s/bihar-ration-card,"3,166",31,262,3,242,3,452,7,55,0,466,3,5,0,0,0
/s/best-zero-balance-account-in-india,"3,154",8,17,0,16,0,150,1,19,0,375,1,0,0,0,0
/s/consequences-cheque-bounce-notice,"3,153",2,18,0,22,0,35,1,9,0,852,0,3,0,0,0
/s/sbi-net-banking-password-reset,"3,150",15,214,1,57,0,285,0,0,0,474,1,3,0,0,0
/s/construction-services-gst-rates-sac-code-9954,"3,149",,129,,0,,0,,8,,0,,0,,0,
/s/gst-on-flat-purchase,"3,144",3,19,0,28,1,41,0,4,0,0,0,0,0,0,0
/s/support-services-gst-rates-sac-code-9985,"3,126",,82,,0,,0,,2,,0,,0,,0,
/s/tax-on-gold-in-india,"3,116",2,22,0,24,0,13,0,4,0,568,0,1,0,0,0
/s/what-is-mca21-portal,"3,080",7,236,1,17,0,18,0,52,1,0,0,0,0,0,0
/s/stamp-duty-and-registration-charges-in-karnataka,"3,072",3,15,0,1,0,42,0,9,0,520,0,4,0,0,0
/s/minimum-wages-in-maharashtra,"3,069",2,77,0,28,0,64,0,17,0,1,0,0,0,0,0
/s/itr-form-download,"3,065",11,63,0,52,2,99,0,25,0,193,0,2,0,2,0
/s/gst-invoice,"3,061",1,420,0,44,0,45,0,36,0,0,0,0,0,0,0
/s/accounting-entries-under-gst,"3,060",,14,,0,,44,,9,,0,,0,,0,
/s/salary-slip-format-sample-download,"3,060",8,117,0,99,1,231,2,23,0,1,0,0,0,0,0
/s/caught-error-description-as-null-in-income-tax-portal,"3,048",4,28,1,16,0,9,0,8,0,195,0,5,0,0,0
/s/manufacturing-services-gst-rates-sac-code-9988,"3,035",,97,,0,,0,,0,,0,,0,,0,
/s/how-to-file-itr-for-pensioners,"3,025",7,40,1,81,0,58,0,16,1,397,1,4,0,0,0
/s/steps-claim-interest-home-loan-deduction,"3,025",3,16,0,22,0,15,0,7,0,268,0,2,1,1,0
/s/section-90-90a-91-of-income-tax-act,"3,014",2,14,0,8,0,13,0,8,0,227,0,1,0,0,0
/s/form-10f-income-tax,"3,012",6,81,1,58,0,19,0,14,0,218,0,0,0,0,0
/s/bank-of-baroda-balance-check-number,"3,011",5,48,0,24,1,187,2,7,2,450,0,0,0,0,0
/s/section-269ss-269t,"2,981",,15,,13,,19,,9,,403,,5,,1,
/s/pan-2-0,"2,979",13,75,0,125,1,414,3,19,0,375,2,1,0,0,0
/s/msme-loan-scheme-2020,"2,950",1,43,0,48,0,103,0,12,0,823,0,5,0,0,0
/s/pm-kisan-rejected-list,"2,948",31,175,2,180,1,373,3,28,0,612,0,4,0,0,0
/s/difference-between-public-sector-and-private-sector-banks,"2,945",,15,,25,,22,,7,,563,,1,,0,
/s/taxation-of-foreign-source-income,"2,938",8,16,0,16,0,13,0,4,0,370,0,3,1,2,0
/s/gstr-10-gst-final-return,"2,937",1,26,0,24,0,25,0,11,0,0,0,0,0,0,0
/s/msme-registration-india,"2,929",3,106,0,30,0,117,2,16,0,0,0,3,0,1,0
/s/mahila-samman-saving-certificate,"2,920",1,8,0,16,0,59,0,16,0,509,0,2,0,0,0
/s/sbi-amrit-vrishti-scheme,"2,917",1,13,0,27,0,49,0,11,0,779,0,2,0,0,0
/s/itr-1-vs-itr-4,"2,910",3,39,0,38,0,44,0,13,0,482,1,6,0,2,0
/s/aadhaar-bank-link-status-check,"2,908",23,227,3,195,3,535,3,50,1,454,2,2,0,0,0
/s/court-marriage-process,"2,908",2,19,0,31,0,92,1,8,0,695,1,3,0,0,0
/s/tax-on-bonds,"2,908",4,27,0,24,0,15,0,1,0,435,2,1,0,0,0
/s/section-115-baa-tax-rate-domestic-companies,"2,890",1,18,0,20,0,6,0,4,0,0,0,2,0,0,0
/s/uco-bank-balance-check-number,"2,886",5,55,0,63,1,120,1,15,0,476,3,5,0,0,0
/s/tax-planning-under-mat,"2,880",3,9,0,15,0,9,0,7,0,0,0,0,0,1,0
/s/income-tax-act-1961,"2,878",4,50,0,56,1,79,0,33,0,360,0,3,0,0,0
/s/minimum-wages-in-india,"2,868",1,55,0,1,0,54,0,0,0,4,0,0,0,0,0
/s/place-of-supply-of-goods,"2,867",2,23,1,12,0,14,0,12,0,0,0,0,0,0,0
/s/list-of-services-under-rcm-in-gst,"2,857",2,26,0,12,0,20,0,8,0,0,0,0,0,0,0
/s/indiramma-housing-scheme-telangana,"2,850",14,87,0,59,1,224,2,19,0,317,2,2,0,0,0
/s/form-10c,"2,850",3,32,0,50,0,118,1,11,0,471,1,4,0,0,0
/s/rent-control-act,"2,845",3,10,0,5,0,32,0,6,0,661,1,0,0,0,0
/s/how-to-transfer-voter-id-card-after-marriage-online,"2,842",1,63,0,21,0,105,0,8,0,716,0,4,0,0,0
/s/gst-number-search-by-pan,"2,840",4,80,1,62,0,718,1,33,0,0,0,0,0,0,0
/s/sbi-home-loan-statement,"2,837",,92,,14,,59,,13,,296,,0,,0,
/s/stamp-duty-and-registration-charges-in-haryana,"2,828",1,17,0,0,0,37,0,11,0,497,0,0,0,0,0
/s/sbi-netbanking,"2,826",9,107,1,25,0,221,1,51,1,435,0,1,0,0,0
/s/bihar-labour-card,"2,824",21,497,3,85,0,326,1,75,1,325,1,1,0,0,0
/s/56th-gst-council-meet-news,"2,814",,44,,0,,20,,9,,0,,0,,0,
/s/gpf-account-balance-check,"2,811",13,249,0,79,2,367,3,43,0,297,0,9,0,0,0
/s/can-you-save-tax-by-transferring-money-to-wife-account,"2,810",3,13,0,25,0,15,0,6,0,682,1,4,0,0,0
/s/sbi-savings-account-opening,"2,807",13,142,0,86,1,373,2,46,0,511,2,3,0,0,0
/s/how-to-get-tan-number,"2,800",13,70,0,48,1,60,0,10,0,1,0,1,0,1,0
/s/what-happens-if-pan-card-is-not-linked-to-aadhaar-card,"2,799",5,27,0,35,1,129,0,10,0,341,0,5,0,1,0
/s/self-assessment-tax-payment,"2,795",2,38,0,3,0,243,0,8,0,229,0,4,0,0,0
/s/schedule-112a-scrip-wise-reporting-capital-gains-listed-equity-shares-units,"2,789",4,19,0,6,0,16,0,4,0,206,0,8,0,0,0
/s/who-can-claim-deduction-under-section-80dd,"2,783",3,10,0,8,0,8,0,12,0,225,0,4,0,0,0
/s/notice-section-148-income-tax-act,"2,778",2,9,0,16,0,8,0,5,0,367,1,7,0,1,0
/s/income-certificate-format-download,"2,775",1,51,0,55,0,171,0,30,0,285,0,3,0,0,0
/s/delhi-government-holiday-list-2025,"2,775",1,7,0,4,0,25,0,2,0,221,0,4,0,0,0
/s/leasing-rental-services-gst-rates-sac-code-9973,"2,775",,50,,0,,0,,4,,0,,0,,0,
/s/tax-filing-security-traders,"2,770",4,64,1,29,1,62,0,20,1,321,0,10,0,2,0
/s/section-48-of-income-tax-act,"2,763",,7,,15,,7,,6,,153,,1,,0,
/s/chapter-49-printed-books-newspapers-pictures-manuscripts-typescripts-plans-gst-rate-hsn-code,"2,759",1,14,1,0,0,0,0,7,0,0,0,0,0,0,0
/s/sbi-zero-balance-account,"2,754",12,154,0,96,2,490,0,51,0,483,1,5,0,0,0
/s/what-is-mpin-number,"2,754",9,50,2,58,2,186,0,18,0,504,1,2,0,0,0
/s/unit-linked-insurance-plan-taxation-rules,"2,754",2,15,1,35,0,19,0,5,0,523,0,1,0,0,0
/s/gpay-limit-per-day,"2,749",3,30,0,49,2,43,1,24,0,497,0,2,0,0,0
/s/gold-making-charges,"2,746",3,10,0,23,0,44,0,14,0,518,2,2,0,0,0
/s/how-to-calculate-capital-gains-tax-on-sale-of-inherited-property,"2,745",4,9,0,32,0,24,0,7,0,658,2,8,0,0,0
/s/esi-calculation,"2,743",,23,,25,,40,,23,,0,,0,,0,
/s/gst-on-tours-travels,"2,727",,20,,14,,12,,12,,0,,0,,0,
/s/abc-id-card,"2,722",12,183,2,54,1,308,1,8,0,273,0,1,0,0,0
/s/section-80iac-of-income-tax-act,"2,720",,28,,32,,20,,11,,216,,7,,0,
/s/charitable-trusts-ngo-income-tax-benefits,"2,715",3,8,0,21,0,36,0,10,0,386,0,2,0,1,0
/s/e-kyc-aadhaar,"2,715",14,184,2,151,0,425,0,42,0,287,0,2,0,0,0
/s/itr-1-validation-rules-ay-2025-26,"2,714",,22,,0,,17,,0,,213,,3,,2,
/s/section-43b-income-tax-act,"2,704",,9,,20,,8,,6,,0,,0,,0,
/s/nre-nro-accounts,"2,698",1,16,0,19,0,7,0,10,0,435,0,7,0,0,0
/s/flat-vs-reducing-interest-rate-calculator,"2,697",2,56,0,2,0,213,1,10,0,667,0,0,0,0,0
/s/epfo,"2,691",6,137,0,42,0,112,0,28,1,241,0,1,0,1,0
/s/taxes-on-lottery-puzzles-game-shows,"2,689",2,11,0,28,1,20,0,8,0,245,0,7,0,1,0
/s/profit-loss-statement,"2,686",1,38,0,27,1,35,0,13,0,0,0,0,0,0,0
/s/section-74-of-cgst-act,"2,683",2,18,0,24,0,13,0,10,0,287,0,2,0,0,0
/s/rcm-renting-vehicles-gst,"2,680",1,5,0,12,0,9,0,4,0,0,0,0,0,0,0
/s/capital-gains-gifted-assets,"2,677",3,12,0,13,0,36,0,13,0,449,0,9,0,0,0
/s/professional-tax-tamil-nadu,"2,668",2,14,0,24,0,20,0,13,0,254,0,5,0,0,0
/s/lowest-home-loan-interest-rate,"2,664",1,21,1,13,0,36,0,27,0,357,0,1,0,0,0
/s/telangana-government-holiday-list-2025,"2,662",5,16,0,5,0,37,0,4,0,260,1,7,0,0,0
/s/haryana-ration-card,"2,658",17,86,1,103,1,265,3,28,0,200,1,1,0,0,0
/s/pradhan-mantri-vishwakarma-scheme,"2,645",4,119,1,208,0,503,0,41,0,558,0,4,0,0,0
/s/time-limit-for-e-way-bill-generation,"2,639",1,18,0,0,0,23,0,5,0,0,0,0,0,0,0
/s/rent-free-accommodation,"2,634",2,11,0,21,0,27,0,5,0,378,0,2,0,0,0
/s/sbi-mobile-number-change,"2,601",12,169,1,98,1,306,1,41,0,568,2,2,0,0,0
/s/what-is-nil-tax-return,"2,601",7,33,2,24,0,55,1,16,0,313,0,3,0,1,0
/s/tnreginet-guideline-value,"2,598",10,88,1,15,0,126,1,15,0,253,0,5,0,0,0
/s/gst-calendar,"2,595",1,301,0,9,0,32,0,11,1,0,0,0,0,0,0
/s/cancellation-gst-registration,"2,589",30,9,0,18,0,43,0,11,0,0,0,0,0,0,0
/s/tds-calculator,"2,589",1,19,0,3,0,0,0,0,0,110,0,0,0,0,0
/s/rental-income-tax-implications-house-property-vs-business-profits,"2,587",1,10,1,8,0,11,0,8,0,411,0,3,0,0,0
/s/fssai-license-number-check-online,"2,571",5,61,0,21,1,117,0,25,1,1,0,2,0,0,0
/s/epf-interest-rate,"2,570",1,14,0,7,0,15,0,59,0,241,0,1,0,2,0
/s/debit-note-vs-credit-note,"2,557",1,14,0,14,0,34,0,20,1,0,0,0,0,0,0
/s/stamp-duty-and-registration-charges,"2,546",1,30,0,2,0,31,0,3,0,248,1,1,0,0,0
/s/gst-housing-maintenance-charges,"2,538",1,11,0,26,0,27,0,6,0,0,0,0,0,0,0
/s/partner-getsimpl/index.html,"2,537",5,0,0,0,0,0,0,0,0,0,0,0,0,0,0
/s/section-194n,"2,532",2,14,0,37,0,22,0,10,0,1,0,1,0,0,0
/s/check-voter-id-card-status,"2,528",8,99,0,139,3,199,3,23,0,234,0,0,0,0,0
/s/how-to-open-json-file-income-tax,"2,516",6,35,0,34,0,26,0,30,0,212,0,5,0,0,0
/s/ngo-darpan-registration,"2,515",4,354,0,111,1,64,0,17,0,1,0,0,0,2,0
/s/pan-card-customer-care,"2,505",6,29,0,84,1,111,0,15,0,322,2,2,0,1,0
/s/how-to-delete-phonepe-transaction-history,"2,503",5,39,0,27,0,147,2,9,0,393,2,1,0,0,0
/s/form-13-tds-deduction,"2,501",1,10,0,16,1,22,0,13,0,0,0,0,0,0,0
/s/gst-notices,"2,480",,20,,48,,26,,9,,280,,6,,0,
/s/how-to-check-passport-tracking-status,"2,479",9,53,0,28,0,420,3,34,0,183,0,3,0,0,0
/s/calculate-capital-gains-from-us-stocks,"2,477",4,11,0,20,0,6,0,5,0,295,0,5,0,0,0
/s/itc-rules-capital-goods-gst,"2,473",1,5,0,10,0,4,0,6,0,0,0,0,0,0,0
/s/revocation-cancellation-gst-registration,"2,472",,16,,50,,42,,8,,0,,0,,0,
/s/section-56-of-the-income-tax-act,"2,467",1,7,0,8,0,4,0,6,0,283,0,3,0,0,0
/s/pan-card-status,"2,457",30,144,0,138,0,402,0,52,2,398,0,4,0,0,0
/s/advance-received-under-gst,"2,455",,9,,26,,17,,6,,0,,0,,0,
/s/toll-tax-in-india,"2,448",2,11,0,20,2,78,0,6,0,574,0,2,0,0,0
/s/sole-proprietorship,"2,443",4,76,2,54,0,98,0,14,0,0,0,0,0,0,0
/s/form-15ca-15cb-under-rule-37bb,"2,437",,6,,6,,8,,5,,241,,6,,0,
/s/tax-on-liquid-funds,"2,437",2,16,0,8,0,10,0,3,0,423,0,3,0,0,0
/s/corporate-tax,"2,435",,46,,36,,32,,22,,0,,0,,0,
/s/income-tax-notice,"2,432",1,42,0,31,0,70,1,12,0,310,0,2,0,2,0
/s/computer-laptop-printer-depreciation-rate,"2,421",,15,,4,,9,,69,,127,,1,,2,
/s/vpf-calculator,"2,412",1,39,0,2,0,147,0,13,0,435,0,1,0,0,0
/s/chapter-30-pharmaceutical-products-gst-rate-hsn-code,"2,412",,19,,0,,0,,2,,0,,0,,0,
/s/memorandum-of-association-moa,"2,411",2,47,0,17,0,58,1,11,0,0,0,0,0,0,0
/s/how-to-download-and-fill-form-26qb,"2,409",28,32,0,31,0,35,0,3,0,242,0,6,0,2,0
/s/ltcg-tax-savings,"2,408",4,16,0,20,0,16,0,3,1,490,1,0,0,0,0
/s/amt-alternative-minimum-tax,"2,408",2,4,0,3,0,16,0,6,0,204,0,3,0,3,0
/s/income-tax-site-not-working,"2,408",4,69,0,43,0,42,0,14,0,149,0,4,0,1,0
/s/deemed-dividend,"2,406",1,4,0,4,0,14,0,7,0,250,0,3,0,0,0
/s/nri-owned-rental-property-tds,"2,405",5,18,1,15,0,9,0,4,0,0,0,0,0,0,0
/s/national-securities-depository-limited-nsdl-ipo-gmp,"2,398",2,16,1,5,1,23,0,0,0,362,0,0,0,0,0
/s/section-73-of-cgst-act,"2,397",4,12,0,48,0,3,0,19,0,217,2,2,0,0,0
/s/income-tax-grievance,"2,395",5,99,0,11,0,139,1,14,0,261,2,1,0,0,0
/s/interest-on-income-tax-refund,"2,385",,1,,9,,12,,5,,210,,0,,1,
/s/tax-on-consultancy-services,"2,381",2,9,0,32,0,19,0,2,0,380,0,5,0,1,0
/s/gstr-2b,"2,378",2,26,0,45,0,24,0,14,1,0,0,0,0,0,0
/s/are-stipends-taxable,"2,359",1,9,0,28,0,10,0,7,0,273,0,6,0,0,0
/s/upi-complaint,"2,353",30,88,1,106,2,334,6,9,0,291,2,2,1,0,0
/s/what-is-pension-payment-order,"2,348",10,70,1,71,1,176,1,22,0,358,1,6,0,0,0
/s/sodexo-meal-card-tax-exemption-benefits,"2,348",,10,,8,,21,,4,,169,,2,,0,
/s/union-bank-gold-loan-interest-rate,"2,346",6,21,0,15,0,25,0,10,1,623,3,0,0,0,0
/s/nic-code,"2,346",2,29,0,205,2,115,0,5,0,0,0,1,0,0,0
/s/gst-old-and-used-refurbished-car,"2,336",,3,,14,,12,,9,,0,,0,,0,
/s/product-support,"2,335",11,357,7,0,0,0,0,0,0,0,0,0,0,0,0
/s/roc-compliance-calendar,"2,334",2,21,0,14,1,9,0,16,0,0,0,1,0,0,0
/s/professional-tax-kerala,"2,333",1,24,0,25,0,21,0,10,0,379,0,3,0,3,0
/s/partner-tata-neucard,"2,330",63,353,1,0,0,0,0,14,0,0,0,0,0,0,0
/s/gst-educational-institutions,"2,330",,9,,8,,19,,6,,0,,0,,0,
/s/limited-liability-partnership-registration-procedure-india,"2,329",2,41,0,76,1,65,0,20,0,2,0,0,0,1,0
/s/online-epf-transfer-procedure,"2,329",6,49,0,33,1,44,0,11,1,243,0,2,0,0,0
/s/download-fssai-certificate,"2,329",8,142,0,38,1,166,2,24,1,1,0,0,0,0,0
/s/cost-of-acquisition-section-49,"2,326",1,18,0,9,0,4,0,10,0,162,0,3,0,0,0
/s/other-furniture-gst-rates-hsn-code-9403,"2,322",,51,,0,,0,,2,,0,,0,,0,
/s/indian-overseas-bank-gold-loan-interest-rate,"2,313",,14,,11,,37,,5,,551,,0,,0,
/s/how-to-transfer-money-from-credit-card-to-bank-acccount,"2,312",6,20,0,28,0,24,0,8,0,362,1,2,0,0,0
/s/future-value-calculator,"2,311",,22,,3,,216,,3,,269,,1,,0,
/s/digital-voter-id-card,"2,306",11,126,1,183,3,412,1,41,1,436,2,1,0,0,0
/s/tax-implications-indian-residents-investing-us-stock-markets,"2,305",,22,,20,,5,,4,,286,,1,,0,
/s/bank-holidays-2025-west-bengal,"2,304",,1,,0,,21,,10,,339,,0,,0,
/s/lumpsum-calculator,"2,304",2,50,1,3,0,185,0,11,0,751,0,5,0,0,0
/s/rule-37-of-cgst-sgst-rules-itc-reversal-180-days,"2,301",1,6,0,20,0,16,0,10,0,0,0,0,0,0,0
/s/how-to-close-hdfc-bank-account-online-offline,"2,297",4,5,0,13,0,163,2,7,0,338,0,0,0,0,0
/s/section-89a,"2,295",,18,,6,,13,,13,,96,,1,,0,
/s/gst-form-drc-03,"2,293",2,9,0,18,0,20,0,8,0,180,0,0,0,0,0
/s/sbi-dd-charges,"2,293",1,4,0,4,0,21,1,7,0,377,0,1,0,0,0
/s/file-income-tax-return-for-deceased-by-legal-heir,"2,290",4,25,0,28,0,25,0,4,0,402,3,3,0,0,0
/s/bank-locker-charges,"2,283",1,24,0,11,0,21,0,5,0,437,0,2,0,0,0
/s/link-adhaar-to-mobile,"2,265",12,125,1,131,1,364,1,14,0,237,0,5,0,1,0
/s/cm-kisan-yojana-odisha,"2,264",4,73,0,38,1,278,2,29,0,426,1,4,0,0,0
/s/vehicle-rental-services-gst-rates-sac-code-9966,"2,262",,14,,0,,0,,3,,0,,0,,0,
/s/gst-b2c-b2b-large-small-invoice,"2,258",2,10,0,2,0,14,0,6,0,0,0,0,0,0,0
/s/esi-rate,"2,254",2,16,0,25,0,16,0,6,0,0,0,0,0,0,0
/s/rbi-floating-bond-interest-rates,"2,247",3,23,0,16,0,23,0,6,0,587,1,5,0,0,0
/s/sbi-current-account,"2,246",2,40,0,5,0,56,0,9,0,625,0,2,0,0,0
/s/itr-due-date-extension-2025,"2,237",2,41,0,0,0,14,0,1,0,158,0,4,0,1,0
/s/how-to-save-tax-for-salary-above-15-lakhs,"2,235",1,24,0,6,0,23,1,8,0,321,0,0,0,10,0
/s/claim-hra-deduction-home-loan-interest,"2,234",1,9,0,11,0,12,0,2,0,278,0,4,0,1,0
/s/faqs-on-the-real-estate-sector-under-gst,"2,222",1,10,0,16,0,14,0,14,0,0,0,0,0,0,0
/s/epfo-kyc-update-online,"2,216",14,180,0,42,0,349,4,23,1,183,0,3,0,0,0
/s/tds-on-advertisement,"2,209",,12,,11,,3,,2,,0,,0,,0,
/s/ponmagan-scheme-in-post-office,"2,207",,13,,14,,36,,7,,433,,2,,0,
/s/delivery-challan-format,"2,204",1,18,0,1,0,36,0,11,0,0,0,2,1,0,0
/s/bonafide-certificate-format-download,"2,198",1,7,0,41,0,67,0,18,0,144,0,1,0,0,0
/s/bill-to-ship-to-gst-eway-bill,"2,182",,6,,66,,25,,4,,0,,0,,0,
/s/passport-fees-in-india,"2,180",3,16,0,0,0,98,0,8,0,337,0,3,1,0,0
/s/how-to-file-gst-return,"2,179",3,93,0,108,0,104,1,30,0,0,0,0,0,0,0
/s/wrong-upi-transaction,"2,177",7,22,2,72,0,227,1,4,0,347,1,4,0,0,0
/s/kotak-mahindra-bank-savings-account,"2,176",1,14,0,7,0,19,0,5,0,327,0,0,0,0,0
/s/offences-and-penalties-gst,"2,168",,18,,24,,66,,15,,0,,0,,0,
/s/gst-eway-bill-exempted-goods,"2,166",,18,,26,,16,,8,,0,,0,,0,
/s/gst-on-milk-paneer-curd,"2,165",1,19,0,8,0,10,0,6,0,0,0,0,0,0,0
/s/pf-withdrawal-rules-after-resignation,"2,156",1,14,0,23,0,31,0,8,1,378,0,0,0,0,0
/s/partnership-firm-pan-cards,"2,153",1,32,0,20,0,30,0,7,0,254,0,6,0,0,0
/s/impact-of-gst-hospitality-industry,"2,146",1,11,0,0,0,17,0,7,0,0,0,0,0,0,0
/s/gst-changes-from-april-2025,"2,128",3,51,0,62,0,8,0,12,0,0,0,0,0,0,0
/s/full-list-of-schemes-announced-in-budget-2025-by-finance-minister,"2,128",1,14,0,22,0,50,0,6,0,349,0,3,0,0,0
/s/land-and-building-depreciation-rate,"2,123",2,2,0,6,0,9,0,6,0,220,0,4,0,1,0
/s/best-days-to-buy-gold,"2,121",,6,,2,,15,,5,,297,,0,,0,
/s/chapter-39-plastics-gst-rate-hsn-code,"2,120",1,11,0,0,0,0,0,6,1,0,0,0,0,0,0
/s/how-to-save-tax-for-salary-above-50-lakhs,"2,118",,5,,13,,14,,4,,226,,1,,4,
/s/rajasthan-ration-card,"2,114",5,107,0,89,2,310,1,17,0,152,0,1,0,0,0
/s/ysr-rythu-bharosa-scheme,"2,114",2,57,0,43,0,115,0,12,0,202,0,5,0,0,0
/s/details-mentioned-return-gstr-1,"2,112",,21,,8,,13,,2,,0,,0,,0,
/s/filing-e-form-15ca-and-15cb,"2,112",4,17,0,11,0,19,0,4,0,242,0,1,0,0,0
/s/money-debited-from-my-account-without-permission,"2,110",2,14,0,82,0,140,0,10,0,412,1,3,0,0,0
/s/stamp-duty-and-registration-charges-in-gujarat,"2,110",5,22,0,1,0,25,0,8,0,237,0,3,0,0,0
/s/stamp-duty-and-registration-charges-in-punjab,"2,109",3,23,0,1,0,40,0,2,0,429,0,1,0,0,0
/s/capital-gains-calculation-base-year-shift,"2,107",1,6,0,20,0,15,0,7,0,312,0,4,0,0,0
/s/tax-audit-form-3ca-3cb-3cd-3ce,"2,106",1,38,0,21,0,11,0,9,0,257,0,6,0,4,0
/s/company-registration-status-mca,"2,097",3,75,1,37,0,68,0,9,1,0,0,1,0,0,0
/s/fssai-registration,"2,096",33,66,0,26,0,118,0,14,0,1,0,1,0,0,0
/s/tan-registration-how-to-activate-tan-user-id-in-income-tax-portal,"2,086",7,44,0,23,0,4,0,7,0,1,0,0,0,1,0
/s/list-of-tax-free-bonds,"2,078",2,33,0,20,0,24,0,7,0,413,0,3,0,0,0
/s/belated-return-not-filed-your-income-tax-return,"2,073",1,13,0,23,0,9,0,7,0,242,0,2,0,0,0
/s/refund-process-under-gst,"2,067",2,18,0,12,0,23,0,11,0,0,0,0,0,0,0
/s/disadvantages-of-senior-citizen-savings-scheme,"2,062",,7,,22,,12,,7,,90,,6,,0,
/s/lic-policy-status-check,"2,058",8,168,1,69,1,123,1,14,0,224,1,1,0,0,0
/s/income-tax-for-freelancers,"2,042",2,33,0,41,0,24,0,6,0,224,0,2,0,1,0
/s/address-proof-documents,"2,036",2,16,0,0,0,38,0,9,0,290,1,1,0,0,0
/s/nps-vatsalya-scheme,"2,030",1,7,0,18,0,34,1,3,0,533,0,1,0,1,0
/s/guide-to-gstr1-filing,"2,028",3,107,0,16,0,34,0,21,0,0,0,0,0,0,0
/s/business-ideas-for-teens,"2,027",1,45,1,16,0,37,0,7,0,0,0,0,0,0,0
/s/income-tax-high-value-transactions-submit-response-under-e-campaign-compliance-portal,"2,027",1,32,0,12,0,46,0,41,0,323,0,0,0,1,0
/s/labour-welfare-fund,"2,022",,42,,24,,21,,16,,0,,0,,0,
/s/pan-card-status-check-by-mobile-number,"2,019",22,99,0,172,1,386,2,26,0,165,0,0,0,0,0
/s/gst-on-grocery,"2,017",,33,,0,,18,,2,,0,,0,,0,
/s/assam-government-holiday-list-2025,"2,004",1,9,0,3,0,34,0,5,0,381,1,0,0,0,0
/s/epf-form-19,"2,002",4,15,0,20,0,68,2,5,0,231,0,3,0,0,0
/s/gst-return-filing-rule-changes-from-july-2025,"2,000",1,33,0,44,0,26,0,12,0,0,0,0,0,0,0
/s/modify-gst-eway-bills,"1,995",,6,,20,,15,,12,,0,,0,,0,
/s/lic-policy-surrender,"1,992",1,36,0,1,0,98,1,8,0,397,0,2,0,0,0
/s/section-10-26-income-tax-act,"1,985",3,1,0,20,0,18,1,5,0,251,0,1,0,0,0
/s/hdfc-bank-gold-loan-interest-rate,"1,985",1,12,0,14,0,30,0,5,0,445,1,2,0,0,0
/s/cess-on-income-tax,"1,981",2,24,0,14,0,6,0,10,0,358,0,0,0,2,0
/s/form-dpt-3,"1,976",1,19,0,11,0,16,0,13,0,0,0,0,0,1,1
/s/difference-between-form16-and-form16a,"1,974",3,24,1,25,0,29,0,7,0,201,1,3,0,4,0
/s/tds-mismatch-rectification,"1,974",1,15,0,12,0,20,0,4,0,0,0,0,0,0,0
/s/tax-on-bonus-in-india,"1,973",,8,,15,,15,,3,,174,,3,,0,
/s/canara-bank-debit-card-pin-generation,"1,971",3,74,0,36,0,171,0,18,0,328,0,4,0,0,0
/s/bharat-gas-booking,"1,971",7,72,0,1,0,134,2,15,1,206,0,1,0,0,0
/s/esic-number,"1,969",9,57,0,25,0,108,1,10,0,258,1,0,0,0,0
/s/form-10ie,"1,968",3,12,0,16,0,9,0,7,0,173,0,4,0,0,0
/s/e-passport-india,"1,962",4,34,0,16,0,113,0,9,0,230,0,2,0,0,0
/s/update-sec-269st-clarification-repayment-loan-instalments-cash,"1,960",,2,,2,,5,,7,,275,,1,,0,
/s/how-to-merge-pf-accounts-online,"1,953",4,28,0,5,0,38,0,3,0,245,0,1,0,0,0
/s/chapter-44-wood-charcoal-gst-rate-hsn-code,"1,951",,9,,0,,0,,6,,0,,0,,0,
/s/case-study-deduction-for-pre-construction-interest,"1,949",1,13,0,8,0,7,0,7,0,169,0,4,0,0,0
/s/step-up-sip-calculator,"1,947",,32,,1,,176,,12,,598,,2,,0,
/s/balance-sheet,"1,944",,82,,52,,44,,12,,0,,0,,0,
/s/tcs-under-goods-and-services-tax,"1,943",,8,,18,,7,,3,,0,,0,,1,
/s/gruha-jyoti-scheme-telangana,"1,943",8,44,0,95,0,176,1,13,0,391,1,3,0,0,0
/s/sarfaesi-act-2002,"1,942",4,20,0,23,0,26,0,5,0,448,0,4,0,0,0
/s/uan-password-change,"1,941",8,163,1,84,0,219,2,21,0,136,0,0,0,0,0
/s/bank-of-baroda-statement-password,"1,939",5,17,1,20,1,90,1,7,0,237,1,1,0,0,0
/s/car-loan-emi-calculator,"1,935",,42,,3,,169,,11,,531,,3,,0,
/s/aoc-4-form,"1,931",,15,,29,,8,,2,,0,,0,,0,
/s/name-change-online-india,"1,928",1,5,0,23,0,171,0,15,0,219,1,2,0,0,0
/s/indian-bank-cif-number,"1,923",12,55,0,42,0,133,2,17,0,212,0,3,0,0,0
/s/tds-return-salary-payment,"1,914",3,13,0,50,0,36,0,11,0,0,0,0,0,1,0
/s/gstr-7-gst-return,"1,913",,19,,28,,10,,10,,0,,0,,0,
/s/tax-saving-calculator,"1,906",6,53,1,14,0,138,2,24,0,215,0,5,0,5,1
/s/tax-benefits-on-home-loan-for-joint-owners,"1,906",1,1,0,4,0,9,0,4,0,310,0,1,0,0,0
/s/how-to-check-tds-amount,"1,903",4,36,0,82,0,146,1,11,0,0,0,0,0,0,0
/s/professional-tax-gujarat,"1,900",1,25,0,14,0,7,0,4,0,194,0,4,0,0,0
/s/ups-calculator,"1,889",2,18,0,7,0,196,0,13,0,450,0,3,0,0,0
/s/other-parts-of-the-motor-vehicles-gst-rates-hsn-code-8708,"1,888",,61,,0,,0,,0,,0,,0,,0,
/s/stamp-duty-and-registration-charges-in-west-bengal,"1,882",2,18,0,0,0,35,0,5,0,429,0,2,0,0,0
/s/partnership-deed-format-download,"1,881",7,18,1,23,0,29,0,6,0,1,0,6,0,0,0
/s/accommodation-services-gst-rates-sac-code-9963,"1,881",1,38,1,0,0,0,0,2,0,0,0,0,0,0,0
/s/tax-deduction-or-collection-at-source-for-not-filing-of-income-tax-return,"1,880",,10,,14,,9,,6,,0,,0,,1,
/s/filing-rectification-under-section-154-1,"1,877",3,15,0,6,0,7,0,5,0,256,0,4,0,0,0
/s/accounting-concepts-and-conventions,"1,877",,44,,29,,54,,12,,2,,0,,0,
/s/tds-return-non-salary,"1,874",,24,,35,,25,,9,,0,,0,,0,
/s/cheque-book-request-letter,"1,873",1,11,0,11,0,33,1,7,0,168,0,1,0,0,0
/s/generate-form-16a-payments-salary,"1,872",,34,,20,,34,,9,,0,,0,,0,
/s/change-photo-in-aadhaar-card,"1,868",6,53,0,46,0,430,4,20,0,181,0,2,0,0,0
/s/registration-charges-stamp-duty-exemption-on-property,"1,863",1,20,0,8,0,3,0,12,0,180,0,0,0,0,0
/s/kisan-credit-card-scheme,"1,862",1,29,0,28,0,64,0,18,0,487,1,3,0,0,0
/s/how-to-access-tds-login-on-traces,"1,859",4,199,1,35,0,9,0,7,0,0,0,0,0,0,0
/s/sbi-locker-charges,"1,851",,21,,26,,34,,4,,357,,1,,0,
/s/esi-registration,"1,850",2,89,0,15,0,63,0,12,0,1,0,0,0,0,0
/s/financial-services-gst-rates-sac-code-9971,"1,850",,50,,0,,0,,3,,0,,0,,0,
/s/canara-bank-savings-account,"1,849",1,12,0,8,0,35,0,8,0,325,0,0,0,0,0
/s/gst-on-notified-services-ecommerce-operators-95,"1,849",,7,,18,,16,,11,,0,,0,,0,
/s/gst-on-software,"1,846",,8,,10,,5,,11,,0,,0,,0,
/s/fair-market-value,"1,843",,19,,8,,8,,7,,209,,1,,0,
/s/what-is-liberalised-remittance-scheme,"1,842",1,18,0,16,0,10,0,10,0,266,0,5,0,0,0
/s/partner-keka-filing,"1,839",23,376,1,0,0,0,0,3,0,0,0,0,0,0,0
/s/top-6-safe-investments-india,"1,837",,16,,13,,14,,11,,396,,2,,1,
/s/lic-smart-pension-plan,"1,837",1,18,0,23,0,37,0,7,0,701,0,2,0,0,0
/s/bank-guarantee,"1,836",1,9,0,16,0,12,0,6,0,292,1,1,0,0,0
/s/form-gst-drc-01a,"1,835",,10,,72,,20,,11,,129,,4,,0,
/s/it-act-2000,"1,835",,21,,26,,53,,4,,351,,4,,0,
/s/chapter-22-beverages-spirits-vinegar-gst-rate-hsn-code,"1,832",,5,,0,,0,,0,,0,,0,,0,
/s/income-tax-on-joint-development-agreement,"1,831",4,8,0,11,0,19,0,7,0,349,2,2,0,0,0
/s/how-to-save-tax-for-salary-above-20-lakhs,"1,830",,23,,16,,13,,9,,241,,1,,4,
/s/know-form-16c-challan-26qc-deducting-tds-rent,"1,829",1,16,0,22,1,8,0,7,0,153,0,5,0,1,0
/s/directors-kyc-mca,"1,825",3,27,0,24,0,22,3,21,0,0,0,0,0,1,0
/s/income-tax-customer-care-number,"1,823",3,62,0,24,1,78,0,18,0,222,1,4,0,1,0
/s/how-to-transfer-amazon-pay-balance-to-bank-account,"1,823",2,8,0,6,0,24,1,2,0,220,0,0,0,0,0
/s/section-80ccc,"1,815",1,5,0,8,1,5,0,6,0,116,0,0,0,0,0
/s/succession-certificate-format,"1,811",2,40,0,27,0,91,0,11,0,318,1,2,0,0,0
/s/bank-locker-rules,"1,808",1,4,0,5,0,12,0,4,0,442,0,2,0,0,0
/s/cash-reserve-ratio-crr,"1,807",4,18,0,14,0,36,2,16,0,414,0,10,0,0,0
/s/one-person-company-registration-procedure-india,"1,806",,32,,18,,29,,6,,3,,0,,2,
/s/pradhan-mantri-awas-yojana,"1,804",,124,,70,,268,,102,,638,,10,,0,
/s/tax-free-income-in-india,"1,799",2,32,0,16,0,25,0,14,1,313,0,0,0,0,0
/s/stamp-duty-and-registration-charges-on-gift-deed,"1,799",,9,,1,,15,,5,,374,,1,,0,
/s/esic-card-download,"1,795",13,160,1,22,0,204,2,20,1,125,1,3,0,0,0
/s/section-28-of-income-tax-act,"1,788",3,2,0,1,0,7,0,6,0,193,0,0,0,0,0
/s/sale-deed-format-download,"1,787",3,24,0,14,0,43,0,5,0,206,0,0,0,0,0
/s/elss,"1,785",3,162,1,21,0,32,0,17,0,212,0,1,0,0,0
/s/tax-free-countries-in-the-world,"1,783",,20,,7,,4,,3,,246,,0,,0,
/s/types-of-income-tax-notices-and-time-limit,"1,782",,3,,7,,6,,4,,317,,2,,0,
/s/pre-validate-bank-account-receive-income-tax-refund,"1,781",4,26,0,30,0,34,0,5,1,205,1,1,0,0,0
/s/taxpayer-information-summary-tis,"1,780",4,60,0,20,0,27,0,14,0,214,0,1,0,0,0
/s/allowances-deductions-available-to-salaried-person-documents-they-need-submit-avail-them,"1,780",,7,,6,,4,,4,,142,,2,,1,
/s/accounting-principles,"1,779",,140,,34,,90,,26,,12,,2,,0,
/s/imitation-jewellery-gst-rates-hsn-code-7117,"1,773",,24,,0,,0,,4,,0,,0,,0,
/s/form-16b,"1,772",3,19,0,16,0,27,0,8,0,0,0,0,0,0,0
/s/sbi-home-loan-eligibility-calculator,"1,771",1,33,0,0,0,145,0,10,0,489,1,0,0,0,0
/s/no-objection-certificate-noc-format-download,"1,764",13,15,0,6,0,48,0,9,2,0,0,0,0,0,0
/s/gst-mobile-phones,"1,763",,25,,12,,33,,12,,0,,0,,0,
/s/form-60,"1,756",3,12,0,43,0,70,0,8,0,114,0,2,0,1,0
/s/gst-on-commission-brokerage,"1,755",3,11,0,10,0,19,0,3,0,0,0,0,0,0,0
/s/understanding-notice-under-section-1421-of-the-income-tax-act-ita,"1,754",1,11,0,14,0,5,0,6,0,228,0,1,0,3,0
/s/phonepe-account-blocked,"1,749",8,55,0,35,2,262,3,21,0,147,1,3,0,0,0
/s/voter-id-search-by-name,"1,745",8,46,0,2,0,226,0,21,0,259,1,3,0,0,0
/s/rodtep-scheme,"1,745",,8,,2,,1,,12,,0,,0,,0,
/s/mgt-14-resolutions-agreements-filing,"1,744",,7,,3,,2,,7,,0,,0,,0,
/s/letters-of-credit,"1,744",,17,,23,,24,,6,,3,,0,,0,
/s/tax-residency-certificate,"1,744",1,17,0,21,0,17,0,4,0,170,0,1,0,0,0
/s/mcg-property-tax-gurgaon,"1,743",4,133,1,101,0,105,0,9,0,113,0,2,0,0,0
/s/encumbrance-certificate-karnataka,"1,742",15,85,0,2,0,93,1,4,0,194,0,3,0,0,0
/s/yono-sbi-app,"1,735",11,157,2,0,0,252,2,14,0,228,0,0,0,0,0
/s/gst-login-portal,"1,732",,158,,16,,88,,33,,0,,0,,0,
/s/change-mobile-number-email-id-gst-portal,"1,725",,14,,0,,85,,14,,0,,0,,0,
/s/total-debt-of-india,"1,724",,27,,6,,31,,4,,0,,0,,0,
/s/income-tax-collections-in-india-2024,"1,709",1,10,0,5,0,14,0,9,0,249,1,1,0,1,0
/s/sbi-salary-account-opening,"1,708",1,11,0,3,0,37,0,3,0,408,1,0,0,0,0
/s/demonetisation-date-list,"1,706",1,10,0,23,0,31,0,4,0,373,0,2,0,0,0
/s/quarterly-return-monthly-payment-qrmp-scheme-gst,"1,704",,12,,4,,12,,5,,0,,0,,0,
/s/telangana-labour-card,"1,701",15,68,1,63,0,209,3,17,0,166,0,1,0,0,0
/s/gratuity,"1,700",2,11,0,29,0,10,0,10,0,272,1,0,0,0,0
/s/caste-certificate-status-check,"1,698",7,110,0,77,0,171,1,25,0,133,0,3,0,0,0
/s/how-to-unfreeze-nps-account,"1,695",1,26,0,6,0,26,0,12,0,238,0,2,0,0,0
/s/difference-epf-eps,"1,694",1,7,0,11,0,8,0,4,0,270,0,1,0,0,0
/s/e-way-bill-distance-limit,"1,692",,2,,0,,10,,0,,0,,0,,0,
/s/epf-registration-employers,"1,688",43,113,0,15,1,49,1,13,0,122,0,1,0,0,0
/s/stamp-duty-and-registration-charges-in-rajasthan,"1,686",1,15,0,0,0,18,0,2,0,300,0,2,0,0,0
/s/gruha-lakshmi-scheme-karnataka,"1,684",8,61,0,71,2,169,2,15,0,219,0,0,0,0,0
/s/section-193-of-income-tax-act,"1,682",2,14,0,13,0,1,0,4,0,0,0,0,0,0,0
/s/itr-2-salary-break-up,"1,678",5,34,1,4,0,12,0,5,0,142,3,5,0,1,0
/s/pan-card-bank-account-number-link,"1,678",5,93,0,38,1,110,0,9,1,158,1,3,0,2,0
/s/how-to-close-icici-bank-account,"1,668",3,2,0,3,0,30,0,6,1,309,0,1,1,0,0
/s/gst-case-laws-on-itc,"1,667",2,10,0,4,0,79,0,19,0,0,0,0,0,0,0
/s/composition-scheme-under-gst,"1,664",,7,,12,,11,,5,,0,,0,,0,
/s/chapter-73-iron-steel-articles-gst-rate-hsn-code,"1,662",,6,,0,,0,,6,,0,,0,,0,
/s/swift-code-of-sbi,"1,661",1,46,0,12,0,88,0,2,0,304,0,1,0,0,0
/s/income-tax-benefit-employee-from-medical-expenses-deduction,"1,659",1,0,0,9,0,4,0,4,0,203,0,2,0,1,0
/s/section-80cch-of-income-tax,"1,657",2,1,0,3,0,6,0,4,0,154,0,2,0,0,0
/s/epf-nominee-update-online,"1,651",12,83,2,51,0,168,2,12,1,164,0,3,0,0,0
/s/dtaa-between-india-and-usa,"1,651",3,21,0,14,1,0,0,1,0,120,0,1,0,0,0
/s/gst-rates-clothing,"1,650",1,9,0,8,0,16,0,9,0,0,0,0,0,0,0
/s/canara-bank-customer-id,"1,649",3,33,0,23,0,88,0,10,0,179,0,0,0,0,0
/s/bank-of-baroda-savings-account,"1,647",1,10,0,18,0,19,1,2,0,314,0,1,0,0,0
/s/journal-entry,"1,646",1,51,0,26,0,33,0,13,0,0,0,0,0,0,0
/s/joint-declaration-form-epf,"1,642",11,15,0,18,1,41,0,10,0,84,0,0,0,0,0
/s/gst-rates-solar-power-based-devices-systems,"1,639",1,7,0,32,0,9,0,11,0,0,0,0,0,0,0
/s/company-moa-aoa-under-companies-act,"1,638",2,46,1,8,0,36,0,5,0,3,0,0,0,0,0
/s/restoration-of-commuted-pension,"1,636",3,8,0,32,0,30,0,7,0,430,2,6,0,0,0
/s/gst-drc-01-guide,"1,632",2,16,0,26,0,10,0,6,0,116,1,0,0,0,0
/s/basic-salary,"1,628",3,10,0,15,0,8,0,5,0,168,1,0,0,0,0
/s/what-is-bsr-code,"1,626",3,7,1,5,0,10,0,1,0,110,0,1,0,0,0
/s/how-to-save-tax-for-salary-above-30-lakhs,"1,626",,14,,19,,15,,8,,252,,1,,5,
/s/gst-doctors-medical-fees,"1,626",,5,,0,,10,,0,,0,,0,,0,
/s/furniture-depreciation-rate,"1,623",,3,,9,,3,,11,,0,,0,,1,
/s/pre-validate-bank-account-enable-evc,"1,621",11,136,1,61,0,753,3,89,1,213,2,6,0,0,0
/s/time-limit-for-reporting-e-invoices-on-the-irp-portal,"1,619",,2,,10,,7,,5,,0,,0,,0,
/s/how-to-check-ipo-allotment-status,"1,618",,7,,16,,25,,2,,36,,0,,0,
/s/5-heads-of-income-tax,"1,608",,30,,57,,12,,6,,256,,3,,6,
/s/minimum-wages-in-jharkhand,"1,608",2,14,0,26,0,41,0,14,1,0,0,0,0,0,0
/s/items-not-covered-under-gst,"1,607",1,14,0,6,0,5,0,4,0,0,0,0,0,0,0
/s/partnership-registration-india-explained,"1,606",2,40,0,21,0,19,0,2,0,0,0,1,0,0,0
/s/how-to-close-sbi-account,"1,603",4,18,1,23,0,92,0,3,0,230,2,1,0,0,0
/s/what-happens-if-wrong-itr-is-filed,"1,602",,7,,21,,7,,2,,242,,2,,0,
/s/annual-general-meeting-companies-act-2013,"1,599",,16,,6,,15,,8,,0,,0,,0,
/s/sbi-debit-card-pin-generation,"1,594",11,49,0,18,0,102,0,8,0,293,1,1,0,0,0
/s/west-bengal-government-holiday-list-2025,"1,594",2,0,0,12,0,20,0,3,0,130,0,3,0,0,0
/s/pan-card-fraud,"1,591",4,3,0,16,0,81,1,6,1,274,1,0,0,0,0
/s/independent-directors-applicability-roles-and-duties,"1,587",,15,,11,,10,,7,,1,,0,,1,
/s/sbi-upi-transaction-limit,"1,586",2,8,0,17,0,36,0,3,0,228,1,0,0,0,0
/s/credit-note-debit-note-new-gst-returns,"1,584",1,6,0,10,0,12,0,6,1,0,0,0,0,0,0
/s/section-185-companies-act-2013-checklist,"1,581",,1,,3,,4,,5,,0,,0,,0,
/s/drug-license,"1,581",8,59,0,27,0,109,1,12,0,1,0,0,0,0,0
/s/e-invoicing-faqs,"1,577",,13,,10,,9,,5,,0,,0,,0,
/s/payment-received-acknowledgement-letter,"1,576",,7,,0,,5,,13,,0,,0,,0,
/s/gst-scrutiny-notice-reply,"1,572",,9,,28,,10,,6,,173,,0,,0,
/s/guidelines-for-implementation-of-section-194r-of-the-income-tax-act-1961,"1,570",,8,,12,,8,,7,,0,,0,,0,
/s/pnb-customer-id,"1,555",3,33,0,22,0,101,0,11,0,163,0,1,0,0,0
/s/net-worth-calculator,"1,552",,20,,0,,82,,6,,172,,1,,0,
/s/term-insurance-tax-benefits,"1,547",2,7,0,19,0,9,0,8,0,167,0,1,0,0,0
/s/yuva-nidhi-scheme-karnataka,"1,546",12,51,1,16,0,99,1,9,1,256,1,0,0,0,0
/s/invalid-surname-error-efiling-portal-registration,"1,540",3,16,0,8,0,15,0,3,0,160,1,0,0,0,0
/s/gst-on-security-services,"1,535",,7,,12,,5,,4,,0,,0,,0,
/s/how-to-register-for-gst,"1,532",1,52,0,16,0,53,0,6,0,0,0,0,0,0,0
/s/generate-gst-eway-bills,"1,532",,24,,34,,45,,8,,0,,0,,0,
/s/bank-holidays-2025-tamil-nadu,"1,531",,9,,2,,10,,4,,153,,0,,0,
/s/chapter-31-fertilizers-gst-rate-hsn-code,"1,530",,13,,0,,0,,1,,0,,0,,0,
/s/section-40-of-income-tax-act,"1,526",,9,,0,,4,,3,,124,,0,,0,
/s/as-3-cash-flow-statements,"1,525",,4,,4,,7,,1,,0,,0,,0,
/s/enterprise-case-studies,"1,524",3,367,3,0,0,0,0,0,0,0,0,0,0,0,0
/s/section-50-capital-gain-on-sale-of-depreciable-assets,"1,519",,3,,4,,1,,8,,127,,2,,0,
/s/icici-bank-current-account,"1,518",,35,,2,,22,,6,,363,,0,,0,
/s/related-party-transactions,"1,518",,5,,18,,3,,5,,0,,0,,0,
/s/domicile-certificate-uttar-pradesh,"1,517",4,38,0,26,1,91,0,16,0,182,0,2,0,0,0
/s/how-nris-can-claim-benefits-under-dtaa,"1,515",1,15,0,10,0,6,0,3,0,175,1,3,0,0,0
/s/merchant-exports-gst,"1,511",,9,,0,,8,,5,,0,,0,,0,
/s/how-to-add-bank-account-in-phonepe,"1,511",7,48,0,8,0,162,1,20,0,240,1,2,0,0,0
/s/gst-compensation-cess,"1,510",,14,,22,,5,,6,,0,,0,,0,
/s/stamp-duty-and-registration-charges-in-mp,"1,506",1,20,0,2,0,21,0,1,0,244,0,1,0,0,0
/s/income-tax-savings,"1,505",1,24,0,22,0,19,0,8,0,260,0,3,0,1,0
/s/ai-assisted-filing,"1,504",6,352,2,334,1,219,1,124,1,65,0,9,0,0,0
/s/irctc-aadhaar-linking,"1,503",18,163,0,21,0,109,1,16,0,117,0,0,0,0,0
/s/bank-of-india-boi-statement-password,"1,500",6,13,1,3,0,93,0,3,0,164,1,3,0,0,0
/s/ctc-cost-to-company,"1,495",2,7,0,1,0,7,0,11,0,173,1,2,0,0,0
/s/section-11-of-income-tax-act,"1,493",2,8,0,7,0,6,0,1,0,201,1,2,0,0,0
/s/tds-return-form,"1,493",2,38,0,27,0,50,1,0,0,0,0,0,0,1,0
/s/aadhaar-card-appointment,"1,490",8,161,0,35,0,142,3,4,0,153,1,2,0,0,0
/s/ups-vs-nps-vs-ops,"1,489",,12,,53,,16,,5,,412,,2,,0,
/s/sbi-debit-card-charges,"1,489",,13,,15,,22,,7,,208,,1,,0,
/s/pran-card,"1,489",2,18,0,16,0,11,0,7,0,74,0,2,0,0,0
/s/stamp-duty-and-registration-charges-in-telangana,"1,489",2,6,0,1,0,17,0,1,0,215,0,1,0,0,0
/s/income-tax-for-housewives,"1,484",2,17,0,23,0,14,0,3,0,273,0,2,0,0,0
/s/benefits-of-gst-advantages-disadvantages,"1,483",,42,,22,,26,,3,,0,,0,,0,
/s/kyc-check-kyc-status,"1,482",5,57,0,14,0,179,0,9,0,98,0,0,0,0,0
/s/minimum-wages-in-up,"1,478",1,42,0,8,0,26,0,16,1,1,0,0,0,0,0
/s/rd-recurring-deposits,"1,478",1,8,0,11,0,7,0,5,0,232,0,0,0,0,0
/s/hdfc-bank-timings,"1,477",,7,,30,,12,,8,,157,,2,,0,
/s/what-happens-when-you-dont-file-itr,"1,476",1,22,1,12,0,15,0,5,0,205,0,2,0,0,0
/s/time-limit-to-issue-invoices-under-gst,"1,476",,6,,2,,3,,5,,0,,0,,0,
/s/what-is-input-credit-and-how-to-claim-it,"1,474",,100,,39,,24,,7,,0,,0,,0,
/s/real-estate-services-gst-rates-sac-code-9972,"1,474",,21,,0,,0,,1,,0,,0,,0,
/s/form-10ab,"1,473",2,5,1,14,0,10,0,9,0,124,1,3,0,0,0
/s/indian-army-disability-pension,"1,473",1,11,0,24,0,37,0,8,0,328,0,4,0,0,0
/s/maintenance-books-accounts,"1,472",2,1,0,11,0,6,0,4,0,172,1,0,0,0,0
/s/non-convertible-debentures-ncd,"1,469",1,4,0,15,0,6,0,3,0,257,0,0,0,0,0
/s/gold-jewellery-holdings-limit-taxation,"1,467",1,4,0,33,0,4,0,3,0,243,0,1,0,0,0
/s/partner-deloitte,"1,467",77,437,3,0,0,0,0,4,0,0,0,0,0,0,0
/s/pm-vidyalaxmi-scheme,"1,466",2,53,0,36,0,66,0,22,0,516,1,2,0,0,0
/s/company-registration,"1,466",34,107,1,38,0,76,0,16,0,1,0,1,0,0,0
/s/reverse-charge-buying-from-unregistered-dealers,"1,465",,7,,22,,16,,7,,0,,0,,0,
/s/schedule-fsi-tr-for-nri-in-itr,"1,464",4,2,0,4,0,1,0,2,0,80,0,0,0,0,0
/s/home-loan-prepayment-calculator,"1,463",1,20,0,1,0,121,0,8,1,214,0,0,0,0,0
/s/lottery-tax-in-kerala,"1,461",3,1,0,15,0,38,0,5,0,328,0,3,0,0,0
/s/flexible-benefit-plan-fbp,"1,460",,9,,14,,3,,5,,136,,1,,0,
/s/section-194m-tds-on-payment-resident-contractors-professionals,"1,459",1,14,0,11,0,3,0,1,0,0,0,0,0,1,0
/s/accounts-payable-journal-entry,"1,451",,18,,12,,11,,3,,0,,0,,0,
/s/ration-card-mobile-number-change,"1,448",8,96,1,32,0,210,0,29,0,166,1,1,0,0,0
/s/crypto-tax-calculator,"1,444",2,196,0,0,0,181,0,0,0,0,0,0,0,0,0
/s/gst-on-individual-senior-firm-advocates,"1,439",,4,,12,,3,,4,,0,,0,,0,
/s/rbi-governors-list,"1,437",1,22,0,17,0,78,1,1,0,311,0,0,0,0,0
/s/vpa-virtual-payment-address,"1,436",,12,,15,,57,,10,,157,,3,,0,
/s/how-to-activate-atm-card,"1,436",3,22,0,41,1,97,0,4,0,313,1,0,0,0,0
/s/revalidation-process-80g-12a,"1,435",1,12,0,15,0,15,0,2,0,185,0,1,0,0,0
/s/gst-inputcredit-job,"1,434",,2,,16,,13,,2,,0,,0,,0,
/s/income-tax-basics-for-beginners,"1,433",4,200,2,26,0,60,0,22,2,470,0,18,0,8,0
/s/lease-calculator-india,"1,433",,17,,0,,54,,7,,158,,2,,0,
/s/hdfc-zero-balance-account,"1,428",12,35,0,12,0,292,1,16,0,252,1,6,0,0,0
/s/section-194k,"1,427",,7,,4,,6,,7,,0,,0,,0,
/s/chapter-85-electrical-machinery-equipment-sound-recorders-reproducers-television-image-parts-accessories-gst-rate-hsn-code,"1,425",,6,,0,,0,,1,,0,,0,,0,
/s/customs-duty-india,"1,420",,20,,9,,14,,5,,0,,0,,0,
/s/small-company-in-india,"1,418",,10,,7,,3,,2,,0,,0,,2,
/s/ev-charging-station-in-india,"1,417",,9,,48,,69,,4,,0,,0,,0,
/s/lamps-lighting-fittings-gst-rates-hsn-code-9405,"1,415",,38,,0,,0,,1,,0,,0,,0,
/s/odisha-labour-card,"1,414",7,184,2,38,1,220,0,48,0,164,1,0,0,0,0
/s/punjab-national-bank-savings-account,"1,414",1,11,0,11,0,10,1,10,0,233,0,0,0,0,0
/s/form-10be-income-tax,"1,412",1,13,0,7,0,3,0,6,0,114,0,1,0,1,0
/s/eps-95-pension-scheme,"1,412",2,15,1,28,0,38,0,8,0,343,1,3,0,0,0
/s/bank-of-baroda-gold-loan-interest-rate,"1,411",,5,,19,,21,,3,,352,,1,,0,
/s/tds-on-director-remuneration,"1,411",1,2,0,4,0,4,0,1,0,0,0,0,0,0,0
/s/chapter-17-sugar-confectionery-gst-rate-hsn-code,"1,410",,7,,0,,0,,0,,0,,0,,0,
/s/how-to-respond-to-demand-notice-from-income-tax-department,"1,405",1,12,0,1,0,18,0,6,0,150,0,0,0,0,0
/s/how-to-close-axis-bank-account,"1,404",3,8,1,29,0,99,0,0,0,276,0,1,0,0,0
/s/how-to-open-medical-store-india,"1,401",,15,,18,,27,,1,,0,,0,,0,
/s/nps-tier-1-vs-nps-tier-2,"1,401",,6,,2,,6,,1,,204,,0,,1,
/s/partner-abm-indiaindex.html,"1,400",3,0,0,0,0,0,0,0,0,0,0,0,0,0,0
/s/dividend-calculator,"1,398",1,19,0,1,0,70,0,5,0,141,0,4,0,0,0
/s/itr5,"1,398",1,12,1,30,0,20,0,7,0,137,0,4,0,2,0
/s/union-bank-of-india-statement-password,"1,396",3,27,0,24,1,98,0,9,0,169,0,0,0,0,0
/s/karnataka-labour-card,"1,394",10,108,3,52,0,263,1,29,0,164,0,5,0,0,0
/s/section-10aa-income-tax-act,"1,394",2,1,0,6,0,5,0,2,0,102,1,1,0,0,0
/s/types-of-company,"1,392",3,24,1,18,0,36,0,6,0,0,0,2,0,0,0
/s/section-16-4-of-cgst-act,"1,388",1,5,0,16,0,5,0,6,0,0,0,0,0,0,0
/s/gst-penalties-and-appeals,"1,386",,7,,16,,22,,4,,0,,0,,0,
/s/indusind-bank-savings-account,"1,381",,11,,4,,48,,1,,234,,0,,0,
/s/audit-report,"1,377",,24,,14,,19,,6,,0,,0,,0,
/s/naan-mudhalvan-scheme,"1,373",4,35,0,14,0,63,1,9,1,364,0,2,0,0,0
/s/income-tax-act-penalties,"1,373",1,7,0,6,0,10,0,2,0,186,0,3,0,0,0
/s/bihar-government-holiday-list-2025,"1,369",1,1,0,5,0,12,0,1,0,151,1,1,0,0,0
/s/union-bank-debit-card-pin-generation,"1,368",5,40,0,27,2,81,0,11,0,241,0,1,0,0,0
/s/direct-benefit-transfer,"1,367",6,27,0,31,2,45,2,5,0,331,0,0,0,0,0
/s/link-aadhaar-to-bank-account,"1,364",5,79,0,74,1,150,0,11,0,181,1,4,0,0,0
/s/professional-tax-telangana,"1,364",1,37,0,9,0,5,0,7,0,93,0,0,0,0,0
/s/import-export-code,"1,363",25,25,1,48,1,23,1,13,0,5,0,0,0,0,0
/s/rtgs-charges,"1,362",,2,,5,,13,,5,,180,,2,,0,
/s/gst-amnesty-scheme,"1,354",,10,,4,,10,,3,,0,,0,,0,
/s/chapter-95-toys-games-sports-parts-accessories-gst-rate-hsn-code,"1,352",,5,,0,,0,,2,,0,,0,,0,
/s/aadhaar-card-update,"1,351",34,80,0,66,0,416,4,44,0,300,0,4,0,0,0
/s/gst-on-suv-cars,"1,349",,8,,0,,25,,3,,0,,0,,0,
/s/standards-on-auditing,"1,347",1,13,0,9,0,18,0,2,0,1,0,1,0,1,0
/s/refund-claims-under-gst-for-tax-and-itc,"1,346",,13,,8,,9,,3,,0,,0,,0,
/s/reciprocal-tariffs-us-india-impact,"1,346",,9,,0,,12,,4,,194,,4,,0,
/s/bihar-student-credit-card-scheme,"1,345",,20,,16,,33,,73,,398,,1,,1,
/s/amend-details-in-gstr1,"1,345",,2,,12,,4,,0,,0,,0,,0,
/s/icici-bank-zero-balance-account,"1,344",6,18,0,36,0,180,1,9,0,241,1,3,0,0,0
/s/view-filed-tds-statement-income-tax-department-website,"1,343",6,33,0,39,0,33,0,12,1,0,0,1,0,0,0
/s/trademark-registration-procedure-india,"1,343",82,375,1,45,0,89,0,51,0,0,0,0,0,0,0
/s/emi-calculation-formula,"1,340",,10,,13,,20,,5,,194,,1,,0,
/s/mixed-composite-supply-gst,"1,339",,7,,12,,17,,7,,0,,0,,0,
/s/form-adt-1,"1,337",,4,,10,,8,,6,,0,,0,,0,
/s/axis-bank-statement-password,"1,334",2,2,0,3,0,40,0,1,0,204,0,1,0,0,0
/s/section-133-6-of-income-tax-act,"1,332",1,3,0,8,0,5,0,2,0,204,0,3,0,0,0
/s/llp-annual-filings,"1,329",2,23,0,36,0,14,1,7,0,0,0,0,0,0,0
/s/section-54d-capital-gain-exemption-on-compulsory-acquisition-of-land,"1,326",,3,,8,,2,,7,,125,,2,,0,
/s/post-office-scheme-to-double-the-money,"1,325",2,10,0,20,0,15,0,3,0,313,1,0,0,0,0
/s/tin-application-search,"1,325",1,47,0,59,0,82,1,13,0,51,0,3,0,0,0
/s/e-assessment-scheme-2019,"1,323",,8,,7,,7,,4,,183,,4,,0,
/s/download-lic-premium-receipt-online,"1,307",4,119,0,21,0,85,0,8,0,107,0,2,0,1,0
/s/guide-to-form-12bb,"1,307",3,20,1,0,0,12,0,5,0,82,1,0,0,2,0
/s/gst-reconciliation-statement-gstr-9c,"1,306",,10,,15,,9,,10,,0,,0,,0,
/s/chapter-8-edible-fruit-nut-citrus-fruit-peel-melons-gst-rate-hsn-code,"1,306",,9,,0,,0,,3,,0,,0,,0,
/s/private-limited-company-auditing-requirements,"1,302",1,9,0,4,0,6,0,8,0,0,0,0,0,0,0
/s/canara-bank-netbanking,"1,300",3,323,0,5,1,72,0,15,0,126,2,1,0,0,0
/s/high-net-worth-individuals,"1,300",1,4,0,8,0,5,1,5,0,195,0,0,0,0,0
/s/chapter-62-apparel-clothing-accessories-not-knitted-crocheted-gst-rate-hsn-code,"1,300",,6,,0,,0,,1,,0,,0,,0,
/s/form-msme-1,"1,299",1,11,0,13,0,10,1,11,0,0,0,0,0,0,0
/s/gst-joint-development-agreement-jda,"1,297",,5,,22,,21,,1,,0,,0,,0,
/s/tax-saving-fd-fixed-deposits,"1,296",1,7,0,9,0,14,0,3,0,105,0,1,0,0,0
/s/pradhan-mantri-vaya-vandana-yojana-pmvvy,"1,295",3,63,1,58,0,26,1,3,0,170,0,2,0,0,0
/s/union-bank-of-india-mobile-number-change,"1,292",7,83,0,88,1,155,3,21,0,192,0,1,0,0,0
/s/ind-as-116-leases,"1,290",,3,,0,,3,,6,,0,,0,,0,
/s/ops-vs-nps-difference-between-old-pension-scheme-and-new-pension-scheme,"1,288",,12,,12,,14,,5,,321,,2,,0,
/s/form-10b-of-income-tax-act,"1,287",2,9,1,52,0,6,0,3,0,106,0,2,0,1,0
/s/aadhaar-biometric-unlock,"1,287",2,36,0,22,0,82,0,4,1,86,0,2,0,0,0
/s/bank-of-baroda-mobile-number-change,"1,285",7,67,1,89,0,216,1,32,1,222,0,2,1,0,0
/s/one-nation-one-election,"1,284",1,6,0,22,0,28,0,6,0,427,1,0,0,0,0
/s/how-to-validate-aadhaar-card-signature,"1,284",2,3,0,28,0,68,0,12,0,132,0,0,0,0,0
/s/rice-gst-rates-hsn-code-1006,"1,283",,17,,0,,0,,0,,0,,0,,0,
/s/share-transfer,"1,282",,8,,8,,9,,8,,0,,0,,0,
/s/voter-id-verification,"1,279",,43,,50,,87,,10,,147,,0,,0,
/s/gst-appeals,"1,279",,5,,8,,11,,7,,0,,0,,0,
/s/bread-pastry-cakes-biscuits-other-bakers-wares-gst-rates-hsn-code-1905,"1,278",,19,,0,,0,,0,,0,,0,,0,
/s/sbi-personal-loan-eligibility-calculator,"1,277",4,35,0,2,0,168,3,6,0,388,0,0,0,0,0
/s/family-tree-certificate-karnataka,"1,276",6,25,0,12,1,46,0,6,0,212,0,1,0,0,0
/s/other-services-gst-rates-sac-code-9997,"1,276",,31,,0,,0,,0,,0,,0,,0,
/s/what-is-kyc,"1,274",10,55,2,9,0,174,2,21,1,124,0,5,0,0,0
/s/section-36-deductions-income-tax-act,"1,270",1,9,0,0,0,3,0,5,0,0,0,0,0,0,0
/s/domicile-certificate-rajasthan,"1,270",3,37,1,22,0,73,0,10,0,146,0,1,0,0,0
/s/payroll,"1,266",2,62,0,46,0,86,0,50,0,0,0,0,0,4,0
/s/income-tax-on-gpf-interest,"1,266",2,9,0,24,0,8,0,4,0,194,0,2,0,1,0
/s/section-54-of-cgst-act,"1,264",,3,,0,,6,,5,,0,,0,,0,
/s/minimum-wages-in-gujarat,"1,264",1,20,0,24,0,23,1,8,0,1,0,0,0,0,0
/s/itr,"1,264",6,305,0,36,0,39,0,31,0,196,2,4,0,0,0
/s/gpf-withdrawal-rules,"1,257",1,7,0,18,0,14,0,5,0,199,1,1,0,0,0
/s/minimum-wages-in-haryana,"1,256",,12,,12,,29,,8,,0,,2,,0,
/s/gst-invoice-details,"1,254",,17,,8,,16,,4,,0,,0,,0,
/s/margin-calculator,"1,254",,42,,0,,69,,5,,113,,1,,0,
/s/minimum-wages-in-rajasthan,"1,253",,13,,14,,73,,5,,0,,1,,0,
/s/e-file-itr2-with-capital-gains,"1,252",2,28,0,9,0,10,0,6,1,107,0,3,0,0,0
/s/section-74a-vs-73-vs-74-of-cgst-act,"1,249",,1,,38,,13,,5,,141,,1,,0,
/s/all-about-udyamregistration-gov-in-portal,"1,248",45,230,2,27,0,91,0,19,1,1,0,0,0,0,0
/s/gstr-1a,"1,248",,15,,12,,10,,7,,0,,0,,0,
/s/icici-bank-statement-password,"1,247",3,9,0,4,0,32,0,4,0,149,1,0,0,0,0
/s/foreign-inward-remittance-certificate,"1,239",,6,,14,,8,,10,,1,,4,,0,
/s/domicile-certificate-assam,"1,238",3,32,0,43,0,92,0,6,0,200,0,3,0,0,0
/s/central-and-state-tax-on-lpg,"1,237",1,17,0,6,0,17,0,2,0,187,0,2,0,0,0
/s/pm-kisan-status-kyc,"1,237",14,61,0,72,1,171,1,10,0,191,1,6,0,0,0
/s/gst-case-laws,"1,236",,26,,18,,29,,6,,0,,0,,0,
/s/partner-grabon-users,"1,229",3,92,0,0,0,0,0,2,0,0,0,0,0,0,0
/s/impact-of-gst-on-export-of-goods-and-services,"1,227",1,9,0,8,0,2,0,4,0,0,0,0,0,0,0
/s/chapter-63-sets-worn-clothing-textile-rags-gst-rate-hsn-code,"1,225",,2,,0,,0,,2,,0,,0,,0,
/s/tax-benefits-on-personal-loan,"1,225",,5,,1,,7,,1,,195,,0,,0,
/s/sbi-neft-charges,"1,224",,5,,6,,12,,1,,199,,2,,0,
/s/stamp-duty-and-registration-charges-in-kerala,"1,224",2,11,0,4,0,11,0,7,0,258,0,4,0,0,0
/s/minimum-wages-in-delhi,"1,223",,14,,21,,12,,9,,0,,0,,0,
/s/download-trademark-certificate,"1,218",8,28,0,24,0,20,0,14,0,0,0,0,0,0,0
/s/chapter-21-miscellaneous-edible-preparations-gst-rate-hsn-code,"1,218",1,7,0,0,0,0,0,2,1,0,0,0,0,0,0
/s/section-206aa-tds-without-pan,"1,217",1,2,0,4,0,1,0,1,0,1,0,0,0,0,0
/s/steps-to-register-private-limited-company,"1,215",21,31,1,8,0,25,0,4,0,0,0,0,0,0,0
/s/countries-with-largest-gold-reserves-in-the-world,"1,215",3,3,0,1,0,4,0,3,0,189,0,0,0,0,0
/s/financial-instruments-ind-as-109,"1,213",,1,,2,,1,,6,,1,,0,,0,
/s/domicile-certificate-tamil-nadu,"1,213",2,6,0,10,0,30,0,2,0,140,1,0,0,0,0
/s/mobile-phone-depreciation-rate,"1,212",1,3,0,2,0,6,0,1,0,87,0,2,0,0,0
/s/largest-economies-in-the-world,"1,209",2,1,0,2,0,41,1,30,0,0,0,0,0,0,0
/s/federal-bank-gold-loan-interest-rate,"1,208",1,3,0,19,0,18,0,2,0,257,0,0,0,0,0
/s/rtgs-timings,"1,208",1,4,0,12,0,8,0,4,0,179,0,0,0,0,0
/s/gst-e-invoice-amend-cancellation,"1,207",,2,,8,,8,,6,,0,,0,,0,
/s/tax-on-cooperative-society,"1,206",2,6,0,9,0,11,0,8,0,165,0,1,0,0,0
/s/karuvoolam-ifhrms,"1,206",6,137,0,62,1,82,1,12,0,178,0,5,0,0,0
/s/solvency-certificate-format-download,"1,205",7,10,0,29,1,16,0,6,0,0,0,0,0,0,0
/s/get-registration-traces,"1,203",,19,,5,,8,,3,,1,,0,,0,
/s/udyam-registration-certificate,"1,201",3,92,0,51,0,122,1,12,0,0,0,0,0,0,0
/s/section-250-of-income-tax-act,"1,200",3,3,0,8,0,4,0,2,0,196,1,1,0,0,0
/s/karnataka-bank-balance-check-number,"1,199",1,8,0,8,0,59,0,2,0,168,0,0,0,0,0
/s/upi-atm-cash-withdrawal,"1,199",1,7,0,15,0,16,0,9,1,171,0,0,0,0,0
/s/tds-on-reimbursement-of-expenses,"1,198",1,2,0,7,0,6,0,7,0,2,0,0,0,0,0
/s/union-bank-of-india-fd-interest-rates,"1,198",1,10,0,3,0,20,0,3,0,255,0,0,0,0,0
/s/shop-establishment-act-registration,"1,197",75,24,0,9,0,48,1,5,0,0,0,1,0,0,0
/s/documents-required-sole-proprietorship-registration-india,"1,197",,10,,38,,16,,5,,0,,0,,0,
/s/what-is-tax-deducted-at-source-tds,"1,195",3,22,0,21,0,12,0,4,1,0,0,0,0,0,0
/s/supporting-services-transport-gst-rates-sac-code-9967,"1,191",1,22,0,0,0,0,0,3,1,0,0,0,0,0,0
/s/e-file-itr1-with-house-property-loan,"1,190",1,14,0,29,0,5,0,0,0,87,0,1,0,1,0
/s/download-tds-challan,"1,190",4,37,0,6,0,4,0,1,0,0,0,0,0,0,0
/s/time-place-and-value-of-supply-in-gst,"1,189",,14,,12,,16,,7,,0,,0,,0,
/s/interest-on-excess-itc-claim-itc-reversal-itc-availed-not-utilised,"1,188",,1,,8,,5,,4,,0,,0,,0,
/s/how-to-link-aadhaar-with-union-bank-account,"1,183",7,105,0,5,0,220,2,7,0,194,1,4,0,0,0
/s/7th-pay-commission-calculator,"1,183",1,11,0,1,0,101,0,16,1,122,0,0,0,0,0
/s/sbi-rd-calculator,"1,182",1,12,0,8,0,95,0,7,0,201,0,1,0,0,0
/s/slump-sale,"1,176",1,3,0,6,0,1,0,2,0,131,0,1,0,0,0
/s/bank-holidays-2025-hyderabad,"1,176",,7,,2,,11,,4,,137,,1,,0,
/s/trade-license,"1,174",11,29,0,16,0,70,0,5,0,0,0,0,0,0,0
/s/form-csr-1,"1,174",1,32,0,24,0,27,0,15,0,0,0,0,0,0,0
/s/parivahan-sewa-portal,"1,172",2,75,0,12,0,148,0,9,0,63,0,0,0,0,0
/s/how-to-view-challan-status-on-traces,"1,170",1,10,0,7,0,6,0,5,0,0,0,0,0,0,0
/s/how-to-make-tds-payment-online,"1,168",,62,,11,,18,,12,,0,,0,,0,
/s/budget-2025-highlights,"1,166",20,90,0,0,0,200,5,125,0,"1,100",5,5,0,0,0
/s/professional-pursuit-allowance,"1,165",2,0,0,15,0,2,0,3,0,85,0,1,0,0,0
/s/petroleum-oils-other-than-crude-gst-rates-hsn-code-2710,"1,163",,48,,0,,0,,3,,0,,0,,0,
/s/private-limited-company-vs-llp,"1,160",,6,,8,,7,,3,,0,,1,,0,
/s/landlord-pan-card-mandatory-for-hra-exemption,"1,159",,0,,2,,3,,1,,164,,0,,0,
/s/form-10a-trust-re-registration-process,"1,159",1,9,0,4,0,23,0,5,0,114,1,0,0,0,0
/s/best-ways-to-invest-in-us-stocks-from-india,"1,159",,8,,2,,9,,1,,244,,1,,0,
/s/printed-books-brochures-leaflets-gst-rates-hsn-code-4901,"1,157",,24,,0,,0,,0,,0,,0,,0,
/s/how-to-save-tax-for-salary-above-7-lakhs,"1,157",1,18,0,19,0,13,0,7,0,217,0,2,0,4,0
/s/form-61a,"1,156",1,0,0,3,0,7,0,1,0,0,0,0,0,0,0
/s/other-plastics-materials-gst-rates-hsn-code-3926,"1,156",,43,,0,,0,,5,,0,,0,,0,
/s/pmfme-scheme,"1,155",2,40,0,13,1,43,0,7,0,247,1,1,0,0,0
/s/how-to-delete-gpay-transaction-history,"1,154",3,16,0,11,0,65,1,3,0,183,0,2,0,0,0
/s/section-270a-of-income-tax-act,"1,154",,0,,9,,4,,5,,151,,2,,0,
/s/gst-book-online-pdf,"1,153",3,64,0,24,0,42,0,12,0,0,0,0,0,0,0
/s/aggregate-turnover-under-gst-for-registration,"1,153",,5,,18,,6,,4,,0,,0,,0,
/s/union-bank-savings-account,"1,151",2,12,0,0,0,19,0,8,2,162,0,1,0,0,0
/s/place-of-supply-of-service-gst,"1,151",3,8,0,6,1,6,0,2,0,0,0,0,0,0,0
/s/mp-domicile-certificate,"1,146",6,29,4,27,0,62,0,7,0,110,0,1,0,0,0
/s/gst-composition-scheme-service-providers,"1,146",,1,,18,,3,,4,,0,,0,,0,
/s/aadhaar-card-download-by-mobile-number,"1,144",8,43,0,69,0,122,0,18,0,76,0,2,1,0,0
/s/interstate-and-intrastate-gst,"1,143",,3,,0,,15,,6,,0,,0,,0,
/s/women-empowerment-schemes-in-india,"1,141",6,8,0,0,0,15,0,6,0,0,0,0,0,0,0
/s/indian-trusts-act,"1,138",1,13,0,10,0,11,0,1,0,185,0,0,0,0,0
/s/are-you-required-to-file-an-income-tax-return-for-ay-2023-24-fy-2022-23,"1,138",,6,,11,,12,,1,,188,,2,,1,
/s/interest-under-section-50-cgst-act-2017,"1,135",,2,,8,,7,,2,,0,,0,,0,
/s/promoters-of-a-company,"1,134",,28,,20,,23,,3,,0,,0,,0,
/s/section-115jd-of-income-tax-act,"1,131",1,2,0,3,0,2,0,4,0,82,1,1,0,0,0
/s/how-to-generate-e-invoice-irn-gst,"1,130",1,19,0,14,0,13,0,5,0,0,0,0,0,0,0
/s/gst-applicable-on-ecommerce-sale,"1,130",,42,,8,,16,,5,,0,,0,,0,
/s/gst-rates-fruits-vegetables,"1,129",,1,,8,,15,,1,,0,,0,,0,
/s/chapter-9-coffee-tea-mate-spices-gst-rate-hsn-code,"1,127",1,3,0,0,0,0,0,2,1,0,0,0,0,0,0
/s/income-tax-bill,"1,127",2,38,0,8,0,26,0,11,0,186,0,2,0,0,0
/s/probate-of-a-will,"1,127",,8,,13,,16,,2,,270,,2,,0,
/s/capital-receipts-and-revenue-receipts,"1,124",2,9,0,5,1,18,0,4,0,213,0,5,0,0,0
/s/chapter-10-cereals-gst-rate-hsn-code,"1,124",,6,,0,,0,,4,,0,,0,,0,
/s/positive-payment-system,"1,116",,10,,18,,19,,1,,213,,2,,0,
/s/how-to-determine-the-place-of-supply-in-case-of-bill-to-ship-to-transactions,"1,115",,5,,8,,8,,2,,0,,0,,0,
/s/gst-registration-certificate,"1,115",,39,,18,,40,,14,,0,,0,,0,
/s/ayushman-card-download,"1,113",11,99,0,7,0,128,2,11,1,73,0,4,0,0,0
/s/gst-on-brick-manufacturers,"1,112",,6,,2,,5,,2,,0,,0,,0,
/s/how-to-close-icici-credit-card,"1,110",,6,,5,,9,,2,,153,,0,,0,
/s/impact-of-gst-rate-on-pharmaceutical-industry,"1,108",,7,,6,,8,,1,,0,,0,,0,
/s/gst-on-bikes,"1,107",,6,,2,,5,,1,,0,,0,,0,
/s/hdfc-fd-calculator,"1,106",,19,,0,,112,,6,,308,,0,,0,
/s/phonepe-transaction-limit,"1,104",,14,,1,,27,,5,,176,,0,,0,
/s/private-placement-section-42-companies-act-2013,"1,104",,6,,14,,9,,6,,0,,1,,0,
/s/gst-on-land-developed-plots,"1,103",,4,,16,,7,,6,,0,,0,,0,
/s/how-to-transfer-money-from-phonepe-wallet-to-bank-account,"1,102",7,15,0,18,1,47,1,13,0,139,0,2,0,0,0
/s/section-186-companies-act-2013,"1,098",,8,,28,,4,,6,,0,,1,,1,
/s/details-mentioned-form-gstr-3b,"1,097",,27,,10,,5,,7,,0,,0,,0,
/s/net-worth-certificate,"1,096",1,4,0,0,0,11,0,2,0,88,0,3,0,0,0
/s/maharashtra-ration-card,"1,096",6,66,0,74,0,157,1,17,0,105,0,1,0,0,0
/s/gst-on-no-cost-emi,"1,095",,19,,10,,23,,3,,0,,0,,0,
/s/equity-funds-ltcg-taxation,"1,093",2,3,0,4,0,5,0,2,0,87,0,3,0,0,0
/s/file-itr-1-rental-income,"1,093",1,10,0,11,0,11,0,2,0,96,0,0,0,1,0
/s/what-to-do-if-you-have-two-pan,"1,091",5,4,0,19,1,20,0,7,0,214,0,3,0,2,0
/s/rupee-symbol-in-word,"1,086",2,5,0,12,0,5,0,7,0,51,0,0,0,0,0
/s/additional-depreciation-income-tax-act,"1,086",1,4,0,8,0,4,0,1,0,0,0,0,0,1,0
/s/canara-bank-mobile-number-change,"1,085",10,49,0,38,3,94,1,9,0,196,0,1,0,0,0
/s/tds-for-business,"1,080",,8,,19,,4,,0,,0,,0,,0,
/s/tax-evasion-and-penalties-in-india,"1,080",,9,,5,,11,,3,,152,,1,,1,
/s/sbi-rupay-credit-card,"1,078",,0,,0,,27,,3,,263,,0,,0,
/s/how-to-add-bank-account-in-google-pay,"1,077",6,13,0,19,0,70,2,3,0,161,2,1,0,0,0
/s/recovery-of-shares-iepf-guidelines,"1,076",1,16,0,25,0,23,0,11,0,0,0,0,0,0,0
/s/as-2-inventories-valuation,"1,075",,6,,10,,19,,1,,0,,0,,0,
/s/urn-status,"1,074",2,22,0,19,0,66,0,5,0,72,0,0,0,0,0
/s/sundry-creditors,"1,074",,15,,13,,5,,6,,0,,0,,0,
/s/how-to-generate-pnb-debit-card-pin,"1,072",1,26,0,20,0,100,0,4,0,176,0,3,0,0,0
/s/gst-demand,"1,070",,7,,16,,7,,5,,110,,3,,0,
/s/laxmi-india-finance-ipo-gmp,"1,068",,3,,0,,3,,0,,110,,1,,0,
/s/tax-benefits-on-education-loan,"1,068",1,1,0,1,0,0,0,1,0,108,0,0,0,0,0
/s/writs,"1,067",,23,,15,,20,,2,,231,,1,,0,
/s/use-systematic-withdrawal-plans-earn-regular-income-funds,"1,067",2,6,0,13,0,5,0,84,1,216,0,0,0,2,0
/s/form-26b-income-tax-act,"1,067",1,4,0,2,0,16,0,4,0,0,0,0,0,0,0
/s/neft-timings,"1,067",,4,,0,,7,,2,,247,,0,,0,
/s/gst-inverted-duty-structure,"1,061",,3,,2,,5,,2,,0,,0,,0,
/s/gst-on-professional-services,"1,060",1,16,1,0,0,8,0,1,0,0,0,0,0,0,0
/s/methods-of-depreciation,"1,059",1,4,0,7,1,11,0,2,0,3,0,0,0,1,0
/s/chapter-34-soap-washing-lubricating-artificial-waxes-polishing-scouring-candles-modelling-pastes-dental-waxes-preparations-gst-rate-hsn-code,"1,058",,7,,0,,0,,0,,0,,0,,0,
/s/gold-monetisation-scheme,"1,057",,6,,6,,7,,4,,253,,2,,0,
/s/e-aadhaar-card,"1,055",9,48,0,7,0,44,1,14,0,17,0,1,0,0,0
/s/ap-deepam-free-gas-cylinder-scheme,"1,053",1,3,0,0,0,69,0,0,0,136,0,0,0,0,0
/s/stamp-duty-and-registration-charges-in-delhi,"1,053",,5,,0,,12,,3,,148,,2,,0,
/s/sold-goods-for-cash-journal-entry,"1,051",,5,,0,,21,,3,,1,,0,,0,
/s/tally-upgrade-or-free-crack-download,"1,050",,28,,0,,5,,26,,0,,0,,0,
/s/itr-filing-for-senior-citizen,"1,048",3,5,0,28,0,19,0,5,0,0,0,0,0,0,0
/s/section-74a-of-cgst-act,"1,048",,3,,12,,9,,3,,157,,5,,0,
/s/mortgage-calculator,"1,047",,17,,0,,112,,4,,202,,1,,0,
/s/short-term-capital-gain-tax-on-property,"1,045",1,3,0,3,0,6,1,3,0,117,0,1,0,0,0
/s/how-to-mine-bitcoin,"1,045",1,11,0,0,0,16,1,4,0,205,0,0,0,0,0
/s/sbi-bank-timings,"1,044",,2,,3,,4,,7,,118,,0,,0,
/s/e-invoicing-businesses-above-rs-5-crore-turnover,"1,044",,2,,4,,10,,3,,0,,0,,0,
/s/how-to-download-capital-gain-report-from-icici-direct,"1,043",1,11,0,6,0,2,0,2,0,89,1,0,0,0,0
/s/gst-on-reimbursement-expenses-supplier,"1,043",,3,,2,,2,,2,,0,,0,,0,
/s/gst-directors-remuneration,"1,042",1,4,0,16,0,6,0,6,0,0,0,0,0,0,0
/s/epf-payment-online,"1,041",,24,,6,,15,,3,,131,,0,,1,
/s/brigade-hotel-ventures-ipo-gmp,"1,041",,35,,4,,12,,0,,13,,0,,0,
/s/gst-on-royalty,"1,040",,3,,8,,6,,1,,0,,0,,0,
/s/insulated-wire-gst-rates-hsn-code-8544,"1,039",,35,,0,,0,,0,,0,,0,,0,
/s/gst-on-foriegn-exchange,"1,035",,6,,18,,15,,3,,0,,0,,0,
/s/hindu-succession-act,"1,034",,2,,14,,8,,3,,374,,1,,0,
/s/form-10-income-tax-act,"1,033",,7,,15,,6,,2,,80,,0,,0,
/s/chapter-94-furniture-mattresses-cushions-lamps-lightings-illuminated-signs-name-plates-gst-rate-hsn-code,"1,033",,6,,0,,0,,3,,0,,0,,0,
/s/accounts-receivable-journal-entry-debit-credit,"1,032",,17,,26,,19,,3,,0,,0,,0,
/s/changes-in-new-itr-forms,"1,029",2,35,0,0,0,4,0,9,0,125,0,3,0,0,0
/s/how-to-download-and-fill-form-26q-and-form-26qe,"1,029",1,10,0,6,0,11,0,2,0,66,0,4,0,0,0
/s/virat-kohli-business-list,"1,028",,7,,7,,8,,2,,161,,0,,0,
/s/difference-between-llp-and-partnership,"1,028",,19,,5,,19,,6,,6,,0,,0,
/s/section-35ad-of-income-tax-act,"1,028",,1,,7,,7,,2,,0,,0,,0,
/s/tds-challan-itns-281,"1,027",4,46,0,14,0,9,0,3,0,0,0,1,0,0,0
/s/jharkhand-ration-card,"1,027",7,35,1,34,1,81,2,16,0,58,2,0,0,0,0
/s/difference-between-tds-and-tcs,"1,026",,19,,7,,7,,3,,0,,0,,0,
/s/payment-of-wages-act,"1,024",1,9,0,10,0,33,0,9,0,7,0,0,0,0,0
/s/partner-zebpay,"1,023",10,131,0,0,0,0,0,8,0,0,0,0,0,0,0
/s/itr-offline-utility,"1,023",3,81,1,14,0,17,0,9,0,39,0,3,0,0,0
/s/link-aadhaar-voter-id,"1,022",5,66,1,50,1,79,0,10,0,149,1,2,0,0,0
/s/bank-of-india-gold-loan-interest-rate,"1,021",1,9,0,19,0,17,0,3,0,260,1,0,0,0,0
/s/ind-as-115-revenue-from-contracts-with-customers,"1,021",,2,,7,,7,,4,,0,,2,,0,
/s/income-tax-raid,"1,018",,4,,0,,10,,34,,246,,0,,0,
/s/partnership-firm-tax-return-e-filing-procedure,"1,017",1,12,0,4,0,5,0,3,0,121,0,2,0,0,0
/s/ladli-behna-yojana,"1,017",2,25,0,22,1,67,1,4,0,101,0,1,0,0,0
/s/uin-unique-identification-number,"1,015",1,7,0,16,0,56,1,14,0,0,0,0,0,0,0
/s/chhattisgarh-ration-card,"1,014",5,56,2,65,1,129,0,10,0,84,0,1,0,0,0
/s/legal-services-gst-rates-sac-code-9982,"1,013",,15,,0,,0,,2,,0,,0,,0,
/s/sez-eway-bill-gst-applicability,"1,013",,2,,12,,3,,2,,0,,0,,0,
/s/healthcare-services-gst-rates-sac-code-9993,"1,011",,13,,0,,0,,0,,0,,0,,0,
/s/passengers-transport-services-gst-rates-sac-code-9964,"1,009",,11,,0,,0,,0,,0,,0,,0,
/s/gst-full-form-meaning,"1,004",,3,,11,,20,,8,,0,,0,,0,
/s/professional-tax-andhra-pradesh,"1,004",1,18,0,7,0,22,0,5,0,101,0,1,0,0,0
/s/consequences-non-generation-irn,"1,004",,3,,2,,3,,1,,0,,0,,0,
/s/how-to-get-wine-shop-license,"1,003",2,26,0,46,2,82,0,7,0,0,0,0,0,0,0
/s/section-119-income-tax-act,"1,003",1,6,0,9,0,5,0,1,0,101,0,2,0,0,0
/s/chapter-72-iron-steel-gst-rate-hsn-code,"1,003",,4,,0,,0,,1,,0,,0,,0,
/s/property-tax-mumbai,"1,002",,6,,10,,6,,2,,142,,0,,0,
/s/gst-eway-bill-penalty,"1,001",,3,,4,,5,,2,,0,,0,,0,
Total,"6,696,804","24,168","212,923","1,056","76,338",484,"296,039","1,373","41,677",382,"847,648",995,"7,700",74,"3,711",8